Targets,Z Score,Drug Name
 ,-2.6698474573453423,Zoledronate
 ,-1.2720102963581956,Zoledronate
 ,-0.7445353824722564,Zoledronate
  BCL-W,-0.18083939118921616,ABT737
  BCL-W,0.18568309740384853,ABT737
  BCL-W,0.5831960595477581,ABT737
  BCL-XL,-2.124707919874282,Sabutoclax
  BCL-XL,-1.836436767681721,Sabutoclax
  BCL-XL,-1.0684339243720633,Sabutoclax
  BFL1,-2.124707919874282,Sabutoclax
  BFL1,-1.836436767681721,Sabutoclax
  BFL1,-1.0684339243720633,Sabutoclax
  PDGFRA,0.9745467055397407,Pazopanib
 ABL,-1.926917876394031,Bosutinib
 ABL,-1.5311725640837728,Bosutinib
 ABL,-1.4437355824156706,Bosutinib
 ABL,-1.270010765157142,Bosutinib
 ABL,-0.03917553136416222,NVP-BHG712
 ACVR1B,-0.4234782222344076,SB505124
 ACVR1C,-0.4234782222344076,SB505124
 ADRB1,-1.71966434033943,LMB_AB1
 ADRB1,-1.2624032430437788,LMB_AB1
 ADRB1,-1.022807537040446,LMB_AB1
 AKT,-1.3493851218047277,Ipatasertib
 AKT,-0.9853341615538151,Ipatasertib
 AKT,0.094971648832163,Ipatasertib
 AKT2,-2.0255156048176,MK-2206
 AKT2,-1.8796527813920416,GSK2110183B
 AKT2,-1.8550454280107285,BAY AKT1
 AKT2,-1.8308486398983792,Uprosertib
 AKT2,-1.771499052365794,Uprosertib
 AKT2,-1.7397227842434302,MK-2206
 AKT2,-1.7040781845153006,AKT inhibitor VIII
 AKT2,-1.492216436614243,MK-2206
 AKT2,-1.3847794586537188,Afuresertib
 AKT2,-1.2923270146041763,AZD5363
 AKT2,-1.198873673363258,A-443654
 AKT2,-1.1981056153915972,AZD5363
 AKT2,-1.096977540366052,GSK2110183B
 AKT2,-0.9753191795841827,Uprosertib
 AKT2,-0.9214449395071648,Uprosertib
 AKT2,-0.7650279463447114,AKT inhibitor VIII
 AKT2,-0.5120543699252058,MK-2206
 AKT2,-0.5032744148742112,Uprosertib
 AKT2,-0.44347393393140727,Afuresertib
 AKT2,-0.4042215973037471,AZD5363
 AKT2,-0.10416726019832488,GSK2110183B
 AKT2,0.03444271539918231,GSK690693
 AKT2,0.2746846041265133,Uprosertib
 AKT2,0.47498904334326825,Afuresertib
 AKT3,-1.8796527813920416,GSK2110183B
 AKT3,-1.8550454280107285,BAY AKT1
 AKT3,-1.8308486398983792,Uprosertib
 AKT3,-1.771499052365794,Uprosertib
 AKT3,-1.7040781845153006,AKT inhibitor VIII
 AKT3,-1.3847794586537188,Afuresertib
 AKT3,-1.3493851218047277,Ipatasertib
 AKT3,-1.2923270146041763,AZD5363
 AKT3,-1.198873673363258,A-443654
 AKT3,-1.1981056153915972,AZD5363
 AKT3,-1.096977540366052,GSK2110183B
 AKT3,-0.9853341615538151,Ipatasertib
 AKT3,-0.9753191795841827,Uprosertib
 AKT3,-0.9214449395071648,Uprosertib
 AKT3,-0.7650279463447114,AKT inhibitor VIII
 AKT3,-0.5032744148742112,Uprosertib
 AKT3,-0.44347393393140727,Afuresertib
 AKT3,-0.4042215973037471,AZD5363
 AKT3,-0.10416726019832488,GSK2110183B
 AKT3,0.03444271539918231,GSK690693
 AKT3,0.094971648832163,Ipatasertib
 AKT3,0.2746846041265133,Uprosertib
 AKT3,0.47498904334326825,Afuresertib
 ALK,-1.3490666661028885,Crizotinib
 ALK,-1.3316481963092324,Crizotinib
 ALK,-1.188849457423696,Crizotinib
 ALK,-1.0299038125406377,Crizotinib
 AURKB,-1.526613146891131,Tozasertib
 AURKB,-1.3300211536533713,ZM447439
 AURKB,-1.2409058408018496,ZM447439
 AURKB,-1.0492918427697586,ZM447439
 AURKB,-0.9383829980666787,ZM447439
 AURKB,-0.41310903881174055,BX795
 AURKB,-0.2721930838277683,SL0101
 AURKB,0.07829864234077613,Genentech Cpd 10
 AURKC,-1.526613146891131,Tozasertib
 AURKC,-0.41310903881174055,BX795
 AURKC,-0.2524884331545941,GSK1070916
 Amyloid beta40,-1.4145810509055456,Avagacestat
 Amyloid beta40,-1.0896600772658045,Avagacestat
 Amyloid beta40,-1.0292699825251994,Avagacestat
 Amyloid beta40,0.10778942697164812,Avagacestat
 Amyloid beta40,0.1288912020649147,Avagacestat
 BAZ2B,-2.518648339063068,AGK2
 BAZ2B,-1.3679986113978109,BDILV000379a
 BAZ2B,-1.2549738062327684,AGK2
 BAZ2B,-0.988848261794367,AGK2
 BAZ2B,-0.8913364193121306,BDILV000379a
 BAZ2B,-0.6957277436557899,BDILV000379a
 BCL-B,-0.18083939118921616,ABT737
 BCL-B,0.18568309740384853,ABT737
 BCL-B,0.5831960595477581,ABT737
 BCL-W,-1.763564956731506,Obatoclax Mesylate
 BCL-W,-1.5704354781650212,Obatoclax Mesylate
 BCL-W,-1.4263509607113354,Obatoclax Mesylate
 BCL-W,-0.5979015753329476,Obatoclax Mesylate
 BCL-W,0.00935179333035051,Navitoclax
 BCL-W,0.3083669645915872,Navitoclax
 BCL-W,0.3242076033246732,Navitoclax
 BCL-W,0.9870221024413565,Navitoclax
 BCL-XL,-1.763564956731506,Obatoclax Mesylate
 BCL-XL,-1.5704354781650212,Obatoclax Mesylate
 BCL-XL,-1.4263509607113354,Obatoclax Mesylate
 BCL-XL,-1.3042807637322142,TW 37
 BCL-XL,-1.0985103771429812,TW 37
 BCL-XL,-0.5979015753329476,Obatoclax Mesylate
 BCL-XL,-0.5077088092454776,TW 37
 BCL-XL,-0.18083939118921616,ABT737
 BCL-XL,0.00935179333035051,Navitoclax
 BCL-XL,0.18568309740384853,ABT737
 BCL-XL,0.3083669645915872,Navitoclax
 BCL-XL,0.3242076033246732,Navitoclax
 BCL-XL,0.5831960595477581,ABT737
 BCL-XL,0.9870221024413565,Navitoclax
 BET,-0.9573830538528336,XMD8-85
 BFL1,-0.18083939118921616,ABT737
 BFL1,0.18568309740384853,ABT737
 BFL1,0.5831960595477581,ABT737
 BMX,0.4127726607725562,QL-XII-47
 BRAF,-0.9789390822002783,RAF_9304
 BRD2,-2.182111842283181,Bromosporine
 BRD2,-2.1329866081747566,Bromosporine
 BRD2,-2.0733536797428838,Bromosporine
 BRD3,-2.5434721969515404,I-BET-762
 BRD3,-2.4888958559144374,I-BET-762
 BRD3,-2.3705654569664687,JQ1
 BRD3,-2.326178520452572,OTX015
 BRD3,-2.153290711560282,OTX015
 BRD3,-2.141598324821457,OTX015
 BRD3,-2.054562111387736,JQ1
 BRD3,-2.0124735242847933,I-BET-762
 BRD3,-1.4457208925651197,JQ1
 BRD3,-1.1075085981525383,JQ1
 BRD3,-0.9600897352038323,I-BET-151
 BRD3,-0.375095147544618,I-BET-762
 BRD3,0.36509731718401417,JQ1
 BRD4,-2.5434721969515404,I-BET-762
 BRD4,-2.4888958559144374,I-BET-762
 BRD4,-2.3705654569664687,JQ1
 BRD4,-2.326178520452572,OTX015
 BRD4,-2.182111842283181,Bromosporine
 BRD4,-2.153290711560282,OTX015
 BRD4,-2.141598324821457,OTX015
 BRD4,-2.1329866081747566,Bromosporine
 BRD4,-2.0733536797428838,Bromosporine
 BRD4,-2.054562111387736,JQ1
 BRD4,-2.0124735242847933,I-BET-762
 BRD4,-1.4457208925651197,JQ1
 BRD4,-1.1075085981525383,JQ1
 BRD4,-0.9600897352038323,I-BET-151
 BRD4,-0.375095147544618,I-BET-762
 BRD4,0.36509731718401417,JQ1
 BRD9,-2.182111842283181,Bromosporine
 BRD9,-2.1329866081747566,Bromosporine
 BRD9,-2.0733536797428838,Bromosporine
 BRDT,-2.3705654569664687,JQ1
 BRDT,-2.054562111387736,JQ1
 BRDT,-1.4457208925651197,JQ1
 BRDT,-1.1075085981525383,JQ1
 BRDT,0.36509731718401417,JQ1
 BRPF2,-1.602498358605516,BDF00022089a
 BRPF2,-1.3429651907138538,OF-1
 BRPF2,-1.26372215022375,BDOCA000347a
 BRPF2,-1.0198103523722597,OF-1
 BRPF2,-0.9599016859404736,BDF00022089a
 BRPF2,-0.6659434590240628,BDF00022089a
 BRPF2,-0.592487747013374,OF-1
 BRPF2,-0.12077087591101704,BDOCA000347a
 BRPF2,-0.00687341742552625,BDOCA000347a
 BRPF3,-1.602498358605516,BDF00022089a
 BRPF3,-1.26372215022375,BDOCA000347a
 BRPF3,-0.9599016859404736,BDF00022089a
 BRPF3,-0.6659434590240628,BDF00022089a
 BRPF3,-0.12077087591101704,BDOCA000347a
 BRPF3,-0.00687341742552625,BDOCA000347a
 CAPN1,-1.1455339657258554,MG-132
 CAPN1,-0.9916341423976829,MG-132
 CAPN1,-0.9858372280612232,MG-132
 CAPN1,-0.9608236353884019,MG-132
 CBP,-1.8114261201828423,SGC-CBP30
 CBP,-1.766066405215293,SGC-CBP30
 CBP,-0.9359112816386755,SGC-CBP30
 CBP,0.24472561568225787,I-CBP112
 CDK2,-1.7943864390654602,MK-8776
 CDK2,-1.7077197134195734,MK-8776
 CDK2,-1.452233192552853,MK-8776
 CDK2,-1.3801763061196075,Dinaciclib
 CDK2,-1.185893938959256,Dinaciclib
 CDK2,-0.7588248369438086,Dinaciclib
 CDK2,-0.3324768365065015,AT-7519
 CDK4,-0.3324768365065015,AT-7519
 CDK5,-1.3801763061196075,Dinaciclib
 CDK5,-1.185893938959256,Dinaciclib
 CDK5,-0.7588248369438086,Dinaciclib
 CDK5,0.7328530016193915,PHA-793887
 CDK6,-3.029329789810799,Palbociclib
 CDK6,-2.342903176414981,Palbociclib
 CDK6,-2.1954632576674733,Ribociclib
 CDK6,-2.1242427620919355,Ribociclib
 CDK6,-1.6437704331244545,Ribociclib
 CDK6,-1.3820727301490685,Palbociclib
 CDK6,-0.3324768365065015,AT-7519
 CDK6,-0.2523497652296165,Palbociclib
 CDK7,-1.1190190807523617,Seliciclib
 CDK7,0.43374666232377296,XMD14-99
 CDK7,0.7328530016193915,PHA-793887
 CDK9,-1.3801763061196075,Dinaciclib
 CDK9,-1.185893938959256,Dinaciclib
 CDK9,-1.1190190807523617,Seliciclib
 CDK9,-0.7588248369438086,Dinaciclib
 CDK9,-0.3324768365065015,AT-7519
 CHEK1,-1.571242779874929,Wee1 Inhibitor
 CHEK1,-1.2196575568775665,Wee1 Inhibitor
 CHEK1,-1.046937491139466,Wee1 Inhibitor
 CHEK1,-0.5179647059524252,Wee1 Inhibitor
 CHEK2,-1.7943864390654602,MK-8776
 CHEK2,-1.7358933870906783,AZD7762
 CHEK2,-1.7077197134195734,MK-8776
 CHEK2,-1.452233192552853,MK-8776
 CHEK2,-1.3739552152928265,AZD7762
 CHEK2,-1.3332169434682797,AZD7762
 CHEK2,-0.8953204956130341,AZD7762
 CHEK2,-0.585785311509546,AZD7762
 CLK4,0.48732056806795393,PI-103
 CRAF,-0.9789390822002783,RAF_9304
 CSF1R,-1.3118854982353767,Sunitinib
 CSF1R,0.20698160796088227,Linifanib
 DAPK3,0.48732056806795393,PI-103
 DNAPK,-2.94067877726395,Voxtalisib
 EGFR,-1.4384353722193877,Foretinib
 EGFR,-0.9760828103965085,Foretinib
 EGFR,-0.8502578517983244,Foretinib
 EGFR,0.6536359672659228,Foretinib
 EGFR,0.8520067219853078,CUDC-101
 EHMT2,-1.542808954730742,A-366
 EHMT2,-1.1505479746941396,A-366
 EHMT2,-1.0434831224398622,A-366
 ERBB2,-1.135856683313041,PF-00299804
 ERBB2,-0.9236778348069976,CI-1033
 ERBB2,-0.8722115901310874,Lapatinib
 ERBB2,-0.7849486560971086,Lapatinib
 ERBB2,-0.7712358413140603,Lapatinib
 ERBB2,-0.7354555784129949,Afatinib
 ERBB2,-0.6265182313666183,Afatinib
 ERBB2,-0.45471746734633767,Afatinib
 ERBB2,-0.4458704232558845,Lapatinib
 ERBB2,-0.2800832044910131,Sapitinib
 ERBB2,-0.1963627927895384,Sapitinib
 ERBB2,-0.1361311344564981,AZD8931
 ERBB2,0.1640305714574201,Sapitinib
 ERBB2,0.4324067651711112,Afatinib
 ERBB2,0.499789981854044,Afatinib
 ERBB2,0.8520067219853078,CUDC-101
 ERBB3,-0.2800832044910131,Sapitinib
 ERBB3,-0.1963627927895384,Sapitinib
 ERBB3,-0.1361311344564981,AZD8931
 ERBB3,0.1640305714574201,Sapitinib
 ERBB4,-1.8537238720957945,AST-1306
 ERBB4,-1.135856683313041,PF-00299804
 ERBB4,-0.9236778348069976,CI-1033
 ERK2,-2.232578430340768,Ulixertinib
 ERK2,-2.188987509802508,SCH772984
 ERK2,-2.0930467807356004,Ulixertinib
 ERK2,-1.929004726145192,Ulixertinib
 ERK2,-1.585191285456346,Ulixertinib
 ERK2,-1.296609554062786,Ulixertinib
 ERK2,-0.9650603534808218,Ulixertinib
 ERK2,-0.2730034358073309,SCH772984
 ERK2,-0.2174594148965341,SCH772984
 ERK2,0.6604067654470405,FR-180204
 ERK5,-1.2279257819696208,BIX02189
 ESR2,-1.7816432665654616,GDC0810
 ESR2,-1.349021992707491,GDC0810
 ESR2,-1.3433208113215351,GDC0810
 Ephrins,-0.22907367753054603,Dasatinib
 Ephrins,0.00854906179397093,Dasatinib
 Ephrins,0.1087937149068124,Dasatinib
 Ephrins,0.2126166198849664,Dasatinib
 FAK2,-0.7577151729789859,PF-562271
 FGFR,-1.3960353857221135,BIBF-1120
 FGFR1,-1.4384353722193877,Foretinib
 FGFR1,-0.9760828103965085,Foretinib
 FGFR1,-0.8502578517983244,Foretinib
 FGFR1,-0.5554605869796057,Ponatinib
 FGFR1,0.6536359672659228,Foretinib
 FGFR2,-2.077092934063688,PD173074
 FGFR2,-1.9634032227987817,PD173074
 FGFR2,-1.8024744790494185,AZD4547
 FGFR2,-1.638713457661136,PD173074
 FGFR2,-1.2808109607158753,PD173074
 FGFR2,-1.2163248609798605,AZD4547
 FGFR2,-1.0583972100689558,AZD4547
 FGFR2,-0.38088564590992,AZD4547
 FGFR2,-0.1853106779562617,AZD4547
 FGFR2,-0.10491408136448288,FGFR_3831
 FGFR3,-2.077092934063688,PD173074
 FGFR3,-1.9634032227987817,PD173074
 FGFR3,-1.8024744790494185,AZD4547
 FGFR3,-1.638713457661136,PD173074
 FGFR3,-1.2808109607158753,PD173074
 FGFR3,-1.2163248609798605,AZD4547
 FGFR3,-1.0583972100689558,AZD4547
 FGFR3,-0.38088564590992,AZD4547
 FGFR3,-0.1853106779562617,AZD4547
 FGFR3,-0.10491408136448288,FGFR_3831
 FGFR4,-0.10491408136448288,FGFR_3831
 FLT1,-1.0191428920197427,Cediranib
 FLT1,-0.8230930579379692,Cabozantinib
 FLT1,-0.7137506665333271,Cediranib
 FLT1,-0.6498520859103862,Midostaurin
 FLT1,-0.42374293684463754,Cediranib
 FLT2,-1.0191428920197427,Cediranib
 FLT2,-0.7137506665333271,Cediranib
 FLT2,-0.42374293684463754,Cediranib
 FLT3,-1.3118854982353767,Sunitinib
 FLT3,-1.0191428920197427,Cediranib
 FLT3,-0.8230930579379692,Cabozantinib
 FLT3,-0.7137506665333271,Cediranib
 FLT3,-0.5554605869796057,Ponatinib
 FLT3,-0.42374293684463754,Cediranib
 FLT3,0.20698160796088227,Linifanib
 FLT3,0.6281164679785494,Amuvatinib
 FLT3,1.160197477451797,WZ3105
 FLT4,-1.0191428920197427,Cediranib
 FLT4,-0.8230930579379692,Cabozantinib
 FLT4,-0.7137506665333271,Cediranib
 FLT4,-0.42374293684463754,Cediranib
 FXR,-0.3351532128108599,T0901317
 FYN,0.9920938562838174,A-770041
 GLP,-2.439192101209623,UNC0638
 GLP,-1.9087089153010868,UNC0638
 GLP,-0.033728950383133,UNC0638
 GLP,0.3668899430708398,UNC0642
 GSK3B,-1.5100399501149029,CHIR-99021
 GSK3B,-0.842082810538478,SB216763
 GSK3B,-0.06439036563786321,SB216763
 GSK3B,0.01225964514909499,SB216763
 GSK3B,0.482147053822354,CHIR-99021
 GSK3B,0.8515218481984873,SB216763
 HDAC1,-1.5127889422792045,PCI-34051
 HDAC1,-1.1612130651282138,PCI-34051
 HDAC1,0.31874125416880533,PCI-34051
 HDAC10,0.5595604906371714,KIN001-236
 HDAC2,-1.3213801966419558,Romidepsin
 HDAC2,-0.8609484461975041,Romidepsin
 HDAC2,-0.7750430861496611,Romidepsin
 HDAC2,-0.4827120185414111,JQ12
 HDAC3,-1.6054791863036724,Entinostat
 HDAC3,-1.3213801966419558,Romidepsin
 HDAC3,-1.0040511837645043,Entinostat
 HDAC3,-0.8609484461975041,Romidepsin
 HDAC3,-0.7750430861496611,Romidepsin
 HDAC3,-0.7191411858820259,Entinostat
 HDAC3,-0.686778724072389,Entinostat
 HDAC6,-1.5127889422792045,PCI-34051
 HDAC6,-1.1612130651282138,PCI-34051
 HDAC6,0.31874125416880533,PCI-34051
 HDAC6,0.6638175911260754,Tubastatin A
 HDAC6,1.0273512223033847,CAY10603
 HDAC8,-1.3213801966419558,Romidepsin
 HDAC8,-0.8609484461975041,Romidepsin
 HDAC8,-0.7750430861496611,Romidepsin
 HDAC8,0.6638175911260754,Tubastatin A
 HIPK2,0.48732056806795393,PI-103
 IAP1,-1.106850511422805,LCL161
 IAP1,-0.34731065808321937,LCL161
 IAP1,0.03435209413592465,LCL161
 IAP2,-1.106850511422805,LCL161
 IAP2,-0.34731065808321937,LCL161
 IAP2,0.03435209413592465,LCL161
 IIa,-1.9513357370122335,Vorinostat
 IIa,-1.2758778822032464,Vorinostat
 IIa,-1.2587962835202628,Vorinostat
 IIa,-1.2493693586390475,Vorinostat
 IIb,-1.9513357370122335,Vorinostat
 IIb,-1.2758778822032464,Vorinostat
 IIb,-1.2587962835202628,Vorinostat
 IIb,-1.2493693586390475,Vorinostat
 IKK,-0.41310903881174055,BX795
 IKK-2,-1.9540520696573995,BMS-345541
 IKK-2,-1.4215926221840147,BMS-345541
 IKK-2,-1.3604622639388233,BMS-345541
 IKK2,-0.15404289688418052,BMS-345541
 IR,-2.9071268250597733,BMS-754807
 IR,-2.492964367496008,BMS-536924
 IR,-2.179457919962692,BMS-536924
 IR,-1.8071202548111287,GSK1904529A
 IR,-1.781457256133419,BMS-754807
 IR,-1.6813236827197306,GSK1904529A
 IR,-1.3513771189991948,BMS-536924
 IR,-1.0754464909891797,BMS-754807
 IR,-0.977533785818766,BMS-754807
 IR,-0.6030228737047558,BMS-536924
 IR,-0.4102904710444056,GSK1904529A
 IR,-0.11114255746161644,GSK1904529A
 IR,0.02589357659381363,BMS-536924
 IRAK1,1.160197477451797,WZ3105
 IV,-1.9513357370122335,Vorinostat
 IV,-1.2758778822032464,Vorinostat
 IV,-1.2587962835202628,Vorinostat
 IV,-1.2493693586390475,Vorinostat
 JAK2,-3.2908906443531354,Ruxolitinib
 JAK2,-2.6317536412350093,GSK2276186C
 JAK2,-2.2599821370360664,Lestaurtinib
 JAK2,-1.8062315727350189,Lestaurtinib
 JAK2,-1.7595168747501997,JAK_8517
 JAK2,-1.660823011527653,JAK_8517
 JAK2,-1.4945909750544837,GSK2276186C
 JAK2,-1.49101395718492,Lestaurtinib
 JAK2,-1.3976895857353,Lestaurtinib
 JAK2,-1.3138680019624047,GSK2276186C
 JAK2,-1.1915985760752887,Ruxolitinib
 JAK2,-1.1004166644876037,AZD1480
 JAK2,-1.0549453617701745,JAK_8517
 JAK2,-0.5196161970035773,Ruxolitinib
 JAK2,0.10333358019049932,Ruxolitinib
 JAK3,-2.6317536412350093,GSK2276186C
 JAK3,-1.9587829790157725,AZ960
 JAK3,-1.6653009589040677,AZ960
 JAK3,-1.4945909750544837,GSK2276186C
 JAK3,-1.4429035911570331,AZ960
 JAK3,-1.3138680019624047,GSK2276186C
 JNK2,-1.2145729016141893,CRT0105950
 JNK2,-0.6137781814130634,Doramapimod
 JNK2,-0.5238794429176395,Doramapimod
 JNK2,-0.30687208575826536,"AS601245,AS601245"
 JNK2,-0.23675839298951035,Doramapimod
 JNK2,-0.14167927223631407,Doramapimod
 JNK3,-1.2145729016141893,CRT0105950
 JNK3,-0.4412647109387968,JNK-9L
 KDM3A,-2.3141875616898604,CT7033-2
 KDM3A,-2.092812395824663,CT7033-2
 KDM3A,-1.4918158311814165,CT7033-2
 KDM4C,-2.3141875616898604,CT7033-2
 KDM4C,-2.092812395824663,CT7033-2
 KDM4C,-1.4918158311814165,CT7033-2
 KDM4E,-2.3141875616898604,CT7033-2
 KDM4E,-2.092812395824663,CT7033-2
 KDM4E,-1.4918158311814165,CT7033-2
 KDM6B,-2.3141875616898604,CT7033-2
 KDM6B,-2.092812395824663,CT7033-2
 KDM6B,-1.4918158311814165,CT7033-2
 KDR,-1.4384353722193877,Foretinib
 KDR,-0.9760828103965085,Foretinib
 KDR,-0.8502578517983244,Foretinib
 KDR,0.6536359672659228,Foretinib
 KIT,-2.149639280686504,Axitinib
 KIT,-1.348680832153587,Sorafenib
 KIT,-1.3118854982353767,Sunitinib
 KIT,-1.2863553231515574,Axitinib
 KIT,-1.2553386376966715,Axitinib
 KIT,-1.171144624392741,Motesanib
 KIT,-1.133720425086466,Motesanib
 KIT,-1.1060883977685083,Axitinib
 KIT,-1.0191428920197427,Cediranib
 KIT,-0.9064575774105795,Motesanib
 KIT,-0.8694598313375999,Sorafenib
 KIT,-0.8638205196081747,Sorafenib
 KIT,-0.8230930579379692,Cabozantinib
 KIT,-0.7137506665333271,Cediranib
 KIT,-0.707018763639024,Sorafenib
 KIT,-0.42374293684463754,Cediranib
 KIT,-0.22907367753054603,Dasatinib
 KIT,-0.03936792420531828,Tivozanib
 KIT,0.00854906179397093,Dasatinib
 KIT,0.1087937149068124,Dasatinib
 KIT,0.20698160796088227,Linifanib
 KIT,0.2126166198849664,Dasatinib
 KIT,0.3899313137245811,Imatinib
 KIT,0.7820597807818115,Motesanib
 KIT,0.9745467055397407,Pazopanib
 LCK,0.08697145980353993,WH-4-023
 LCK,0.8297412869256733,CRT0105446
 LTK,0.43374666232377296,XMD14-99
 M4K2,-0.23386210544336689,NG-25
 MAP4K2,1.000166203846113,TL-1-85
 MCL1,-2.124707919874282,Sabutoclax
 MCL1,-1.836436767681721,Sabutoclax
 MCL1,-1.763564956731506,Obatoclax Mesylate
 MCL1,-1.5704354781650212,Obatoclax Mesylate
 MCL1,-1.4263509607113354,Obatoclax Mesylate
 MCL1,-1.3042807637322142,TW 37
 MCL1,-1.0985103771429812,TW 37
 MCL1,-1.0684339243720633,Sabutoclax
 MCL1,-0.5979015753329476,Obatoclax Mesylate
 MCL1,-0.5077088092454776,TW 37
 MEK2,-1.950881681529412,Refametinib
 MEK2,-1.7813760393075777,Trametinib
 MEK2,-1.3417639414696498,Selumetinib
 MEK2,-1.0407459926693257,Refametinib
 MEK2,-1.0223918168898678,PD0325901
 MEK2,-0.9810060779795189,Selumetinib
 MEK2,-0.9623590723182803,PD0325901
 MEK2,-0.8535936559543194,CI-1040
 MEK2,-0.824797189873685,Selumetinib
 MEK2,-0.7159434652304596,Refametinib
 MEK2,-0.5887831508712085,Selumetinib
 MEK2,-0.5275752242741836,Selumetinib
 MEK2,-0.2261753389936135,Trametinib
 MEK2,-0.2135986772783825,PD0325901
 MEK2,-0.1956593139624816,Trametinib
 MEK2,-0.02859649625700702,Refametinib
 MEK2,-0.00518208198034056,Selumetinib
 MEK2,0.19601061883086288,Refametinib
 MEK2,0.3714143229434438,Selumetinib
 MEK2,0.3900733014840872,PD0325901
 MEK2,0.4073726809899937,Trametinib
 MEK2,0.4964505509507088,Selumetinib
 MET,-0.8230930579379692,Cabozantinib
 MKNK2,0.06187587966288734,965-D2
 MKNK2,0.88595464277845,993-D2
 MNK2,0.3398712263190849,ETP-45835
 MTOR,-2.94067877726395,Voxtalisib
 MTORC1,-1.7062111143184242,Dactolisib
 MTORC1,-1.5650160098919017,Dactolisib
 MTORC1,-1.343851313278849,Dactolisib
 MTORC1,-0.7349967416344798,Dactolisib
 MTORC1,1.0983653588214235,Omipalisib
 MTORC2,-1.979683127251176,OSI-027
 MTORC2,-1.7521635550991148,AZD8055
 MTORC2,-1.7062111143184242,Dactolisib
 MTORC2,-1.6893232483826484,OSI-027
 MTORC2,-1.570736458881453,AZD8055
 MTORC2,-1.5650160098919017,Dactolisib
 MTORC2,-1.5475327618215775,OSI-027
 MTORC2,-1.343851313278849,Dactolisib
 MTORC2,-0.8595671474224197,AZD8055
 MTORC2,-0.7349967416344798,Dactolisib
 MTORC2,-0.7275623830306333,AZD8055
 MTORC2,0.8768360341862782,OSI-027
 MTORC2,1.0983653588214235,Omipalisib
 NTRK1,-2.2599821370360664,Lestaurtinib
 NTRK1,-1.8062315727350189,Lestaurtinib
 NTRK1,-1.49101395718492,Lestaurtinib
 NTRK1,-1.3976895857353,Lestaurtinib
 NTRK2,-2.2599821370360664,Lestaurtinib
 NTRK2,-1.8062315727350189,Lestaurtinib
 NTRK2,-1.7020827767406117,AZD1332
 NTRK2,-1.49101395718492,Lestaurtinib
 NTRK2,-1.3976895857353,Lestaurtinib
 NTRK2,-0.9316031974846921,AZD1332
 NTRK2,-0.8254637035600659,AZD1332
 NTRK2,-0.47846646473385135,AZD1332
 NTRK2,1.160197477451797,WZ3105
 NTRK3,-2.2599821370360664,Lestaurtinib
 NTRK3,-1.8062315727350189,Lestaurtinib
 NTRK3,-1.7020827767406117,AZD1332
 NTRK3,-1.49101395718492,Lestaurtinib
 NTRK3,-1.3976895857353,Lestaurtinib
 NTRK3,-0.9316031974846921,AZD1332
 NTRK3,-0.8254637035600659,AZD1332
 NTRK3,-0.47846646473385135,AZD1332
 NUAK2,-1.9944577387139544,WZ4003
 NUAK2,-1.8303439057779889,WZ4003
 NUAK2,-1.820434152086484,WZ4003
 PAK2,-3.369368156566424,PAK_5339
 PAK2,-1.1413659521602253,PAK_5339
 PAK2,-0.8301192228863814,PAK_5339
 PARP2,-2.267841064105898,Rucaparib
 PARP2,-2.1616033577861966,Veliparib
 PARP2,-1.8350012605314647,Niraparib
 PARP2,-1.7341500051239749,Olaparib
 PARP2,-1.5457770931801955,Rucaparib
 PARP2,-1.393154187789318,Niraparib
 PARP2,-1.3897319916700388,Niraparib
 PARP2,-1.369214634616,Talazoparib
 PARP2,-1.1579349944417845,Veliparib
 PARP2,-1.1502406948447357,Veliparib
 PARP2,-0.8204177695740481,Talazoparib
 PARP2,-0.46775194776769113,Olaparib
 PARP2,-0.4590431022585368,Olaparib
 PARP2,-0.3330511364360727,PARP_0108
 PARP2,-0.2907963443514017,Veliparib
 PARP2,-0.1772844817195481,Olaparib
 PARP2,-0.1328864822152301,PARP_9482
 PARP2,0.10461010105308756,Talazoparib
 PARP2,0.11076125148227374,Rucaparib
 PARP2,0.21848101103374412,Talazoparib
 PARP2,0.6786966264949602,Rucaparib
 PARP2,1.197687274579434,Olaparib
 PARP2,1.48143889488613,PARP_9495
 PARP5a,-0.1328864822152301,PARP_9482
 PARP5b),0.9417874525942248,TANK_1366
 PARP6,-0.3330511364360727,PARP_0108
 PARP7,1.48143889488613,PARP_9495
 PDGFR,-1.4384353722193877,Foretinib
 PDGFR,-1.3960353857221135,BIBF-1120
 PDGFR,-1.171144624392741,Motesanib
 PDGFR,-1.133720425086466,Motesanib
 PDGFR,-0.9760828103965085,Foretinib
 PDGFR,-0.9064575774105795,Motesanib
 PDGFR,-0.8502578517983244,Foretinib
 PDGFR,-0.3805379629623407,"Brivanib, BMS-540215"
 PDGFR,-0.22907367753054603,Dasatinib
 PDGFR,-0.03936792420531828,Tivozanib
 PDGFR,0.00854906179397093,Dasatinib
 PDGFR,0.1087937149068124,Dasatinib
 PDGFR,0.2126166198849664,Dasatinib
 PDGFR,0.3899313137245811,Imatinib
 PDGFR,0.6536359672659228,Foretinib
 PDGFR,0.7820597807818115,Motesanib
 PDGFRA,-0.5554605869796057,Ponatinib
 PDGFRA,0.1540549212514679,Masitinib
 PDGFRA,0.6281164679785494,Amuvatinib
 PDGFRB,-1.0191428920197427,Cediranib
 PDGFRB,-0.7137506665333271,Cediranib
 PDGFRB,-0.42374293684463754,Cediranib
 PDGFRB,0.1540549212514679,Masitinib
 PDGFRB,0.9745467055397407,Pazopanib
 PDK1 (PDPK1),-0.41310903881174055,BX795
 PI3K,-2.371607522071933,Apitolisib
 PI3Kbeta,-1.851205693954536,Buparlisib
 PI3Kbeta,-1.3818213108587567,Buparlisib
 PI3Kbeta,-1.1731771250941534,Buparlisib
 PI3Kbeta,-0.802602532326552,AZD8186
 PI3Kbeta,0.01676920945558363,AZD8186
 PI3Kbeta,0.42183366057622046,AZD8186
 PI3Kdelta,-1.851205693954536,Buparlisib
 PI3Kdelta,-1.384886001351351,PI3Ka_4409
 PI3Kdelta,-1.3818213108587567,Buparlisib
 PI3Kdelta,-1.1731771250941534,Buparlisib
 PI3Kdelta,-0.5794039813068139,AZD8835
 PI3Kdelta,-0.32248062415378925,AZD8186
 PI3Kgamma,-1.851205693954536,Buparlisib
 PI3Kgamma,-1.3818213108587567,Buparlisib
 PI3Kgamma,-1.1731771250941534,Buparlisib
 PIM1,-0.2721930838277683,SL0101
 PIM1,0.06187587966288734,965-D2
 PIM2,-1.4663963630175425,AZD1208
 PIM2,-1.2599198932417008,AZD1208
 PIM2,-1.0833607261446871,AZD1208
 PIM2,-1.0448985231500774,AZD1208
 PIM3,-1.4663963630175425,AZD1208
 PIM3,-1.2599198932417008,AZD1208
 PIM3,-1.0833607261446871,AZD1208
 PIM3,-1.0448985231500774,AZD1208
 PIM3,-0.2721930838277683,SL0101
 PIM3,0.06187587966288734,965-D2
 PIM3,0.48732056806795393,PI-103
 PKC,-1.179916587938723,CGP-60474
 PLK1,-1.596243696178521,MK-1775
 PLK1,-1.5899307340922435,MK-1775
 PLK1,-1.3120120719713226,MK-1775
 PLK2,-1.4520989823641128,BI-2536
 PLK2,-1.2774873878254926,BI-2536
 PLK2,-1.0615322587739158,BI-2536
 PLK2,-0.9536351900725598,BI-2536
 PLK2,-0.9000578382886116,PLK_6522
 PLK3,-1.4520989823641128,BI-2536
 PLK3,-1.2774873878254926,BI-2536
 PLK3,-1.0615322587739158,BI-2536
 PLK3,-0.9536351900725598,BI-2536
 PLK3,-0.9000578382886116,PLK_6522
 PPARdelta,0.3740172085617336,FH535
 PPK,-0.6498520859103862,Midostaurin
 Procaspase-7,-0.6115641167649697,PAC-1
 RAC2,-2.066148079699291,EHT-1864
 RAC2,-0.6065254514670273,EHT-1864
 RAC2,-0.5333476302308048,EHT-1864
 RAC2,0.6220973259422109,EHT-1864
 RAC3,-2.066148079699291,EHT-1864
 RAC3,-0.6065254514670273,EHT-1864
 RAC3,-0.5333476302308048,EHT-1864
 RAC3,0.6220973259422109,EHT-1864
 RAF,-1.348680832153587,Sorafenib
 RAF,-0.8694598313375999,Sorafenib
 RAF,-0.8638205196081747,Sorafenib
 RAF,-0.707018763639024,Sorafenib
 RAF,-0.03917553136416222,NVP-BHG712
 RET,-1.3118854982353767,Sunitinib
 RET,-1.171144624392741,Motesanib
 RET,-1.133720425086466,Motesanib
 RET,-0.9064575774105795,Motesanib
 RET,-0.8230930579379692,Cabozantinib
 RET,0.7820597807818115,Motesanib
 ROCK2,-1.2923270146041763,AZD5363
 ROCK2,-1.1981056153915972,AZD5363
 ROCK2,-0.6828299167591136,GSK429286A
 ROCK2,-0.4042215973037471,AZD5363
 ROCK2,0.10776183067525996,GSK269962A
 ROCK2,0.5666345879855276,GSK269962A
 ROCK2,1.160197477451797,WZ3105
 RON,-1.4384353722193877,Foretinib
 RON,-0.9760828103965085,Foretinib
 RON,-0.8502578517983244,Foretinib
 RON,0.6536359672659228,Foretinib
 ROS1,-1.3490666661028885,Crizotinib
 ROS1,-1.3316481963092324,Crizotinib
 ROS1,-1.188849457423696,Crizotinib
 ROS1,-1.0299038125406377,Crizotinib
 RSK1,-1.4426986866722311,LJI308
 RSK1,-1.21240495764121,LJI308
 RSK1,-0.3571247865811356,LJI308
 RSK3,-1.4426986866722311,LJI308
 RSK3,-1.21240495764121,LJI308
 RSK3,-0.3571247865811356,LJI308
 SGK3,-0.5259894662532094,GSK650394
 SHP-2 (PTPN11),0.30288584960832854,NSC-87877
 SMARCA2,-1.8025565020720569,PFI3
 SMARCA2,-1.677174629694825,PFI3
 SMARCA2,-0.7260177903113246,PFI3
 SMARCA2,0.05231290814639234,PFI-3
 SMARCA4,-1.8025565020720569,PFI3
 SMARCA4,-1.677174629694825,PFI3
 SMARCA4,-0.7260177903113246,PFI3
 SMARCA4,0.05231290814639234,PFI-3
 SRC,-0.5554605869796057,Ponatinib
 SRC,-0.22907367753054603,Dasatinib
 SRC,-0.03917553136416222,NVP-BHG712
 SRC,0.00854906179397093,Dasatinib
 SRC,0.1087937149068124,Dasatinib
 SRC,0.2126166198849664,Dasatinib
 SRC,0.6240470971747564,Saracatinib
 TEC,-1.926917876394031,Bosutinib
 TEC,-1.5311725640837728,Bosutinib
 TEC,-1.4437355824156706,Bosutinib
 TEC,-1.270010765157142,Bosutinib
 TIE2,-1.4384353722193877,Foretinib
 TIE2,-0.9760828103965085,Foretinib
 TIE2,-0.8502578517983244,Foretinib
 TIE2,-0.8230930579379692,Cabozantinib
 TIE2,-0.5554605869796057,Ponatinib
 TIE2,0.6536359672659228,Foretinib
 TNKS2,-1.864764325228008,MN-64
 TNKS2,-1.4617604789708365,AZ6102
 TNKS2,-1.2596415394543932,MN-64
 TNKS2,-1.1166985999168082,MN-64
 TNKS2,-1.0324667394842506,WIKI4
 TNKS2,-0.7562856062006317,AZ6102
 TNKS2,-0.6307783614221214,AZ6102
 TNKS2,-0.09582193237343432,XAV939
 TNKS2,-0.09129089430335768,XAV939
 TNKS2,0.08332303428685169,XAV939
 TNKS2,0.18414399893788783,XAV939
 TNKS2,0.3189382534143523,WIKI4
 TNKS2,0.4337586066607759,WIKI4
 UAF1,-1.9062616603289149,ML323
 UAF1,-1.6315661411782176,ML323
 UAF1,-0.8583021747159949,ML323
 USP47,-1.9325773603617813,P22077
 USP47,-1.6698498646945386,P22077
 USP47,-0.6866284055736369,P22077
 VEGFR,-2.149639280686504,Axitinib
 VEGFR,-1.348680832153587,Sorafenib
 VEGFR,-1.3118854982353767,Sunitinib
 VEGFR,-1.2863553231515574,Axitinib
 VEGFR,-1.2553386376966715,Axitinib
 VEGFR,-1.1060883977685083,Axitinib
 VEGFR,-0.8694598313375999,Sorafenib
 VEGFR,-0.8638205196081747,Sorafenib
 VEGFR,-0.707018763639024,Sorafenib
 VEGFR2,-0.5554605869796057,Ponatinib
 VEGFR2,-0.03936792420531828,Tivozanib
 VEGFR2,0.20698160796088227,Linifanib
 VEGFR2,0.4695253150761643,OSI-930
 VEGFR3,-0.03936792420531828,Tivozanib
 VEGFR3,0.20698160796088227,Linifanib
 VEGFR3/FLT4,-1.4384353722193877,Foretinib
 VEGFR3/FLT4,-0.9760828103965085,Foretinib
 VEGFR3/FLT4,-0.8502578517983244,Foretinib
 VEGFR3/FLT4,0.6536359672659228,Foretinib
 c-FGR,-0.6498520859103862,Midostaurin
 cIAP,-0.34107911684129816,AZD5582
 cIAP,-0.25452769904467465,AZD5582
 cIAP,-0.13494138603201636,AZD5582
 mTORC2,-1.975096112418813,AZD2014
 mTORC2,-1.563457894733414,AZD2014
 mTORC2,-1.5530376026201602,AZD2014
 mTORC2,-1.5226349934729757,AZD2014
 others,-1.526613146891131,Tozasertib
 others,-0.6498520859103862,Midostaurin
 others,0.43374666232377296,XMD14-99
 others,1.160197477451797,WZ3105
 p38beta,-1.3888689552003226,TAK-715
ABL,-1.2119306466145916,Nilotinib
ABL,-1.1822056315711316,Nilotinib
ABL,-0.9783785468132092,Nilotinib
ABL,-0.8979557526388826,Nilotinib
ABL,-0.5554605869796057,Ponatinib
ABL,-0.22907367753054603,Dasatinib
ABL,0.00854906179397093,Dasatinib
ABL,0.1087937149068124,Dasatinib
ABL,0.2126166198849664,Dasatinib
ABL,0.3899313137245811,Imatinib
ABL,0.6240470971747564,Saracatinib
ACACA,-3.222171856520706,BAY ACCi
ADRA1A,-1.71966434033943,LMB_AB1
ADRA1A,-1.2624032430437788,LMB_AB1
ADRA1A,-1.022807537040446,LMB_AB1
AKT,-1.7548158424977367,Capivasertib
AKT,-1.4775802863711052,AT7867
AKT1,-2.0255156048176,MK-2206
AKT1,-1.8796527813920416,GSK2110183B
AKT1,-1.8550454280107285,BAY AKT1
AKT1,-1.8308486398983792,Uprosertib
AKT1,-1.771499052365794,Uprosertib
AKT1,-1.7397227842434302,MK-2206
AKT1,-1.7040781845153006,AKT inhibitor VIII
AKT1,-1.492216436614243,MK-2206
AKT1,-1.3847794586537188,Afuresertib
AKT1,-1.3493851218047277,Ipatasertib
AKT1,-1.2923270146041763,AZD5363
AKT1,-1.198873673363258,A-443654
AKT1,-1.1981056153915972,AZD5363
AKT1,-1.096977540366052,GSK2110183B
AKT1,-1.0969047263446334,AT13148
AKT1,-0.9853341615538151,Ipatasertib
AKT1,-0.9753191795841827,Uprosertib
AKT1,-0.9214449395071648,Uprosertib
AKT1,-0.7650279463447114,AKT inhibitor VIII
AKT1,-0.6928172907648082,AT13148
AKT1,-0.620282262869351,AT13148
AKT1,-0.5120543699252058,MK-2206
AKT1,-0.5032744148742112,Uprosertib
AKT1,-0.44347393393140727,Afuresertib
AKT1,-0.4042215973037471,AZD5363
AKT1,-0.10416726019832488,GSK2110183B
AKT1,0.03444271539918231,GSK690693
AKT1,0.094971648832163,Ipatasertib
AKT1,0.2746846041265133,Uprosertib
AKT1,0.47498904334326825,Afuresertib
ALK,-2.321651480011529,NVP-TAE684
ALK,0.0809266546162249,Alectinib
ALK,0.43374666232377296,XMD14-99
ALK5,0.7526601734911916,SB52334
AMPK agonist,-1.750770109308876,AICA Ribonucleotide
AR,-0.9720909485864205,AZD3514
AR,-0.6739662702731032,Bicalutamide
AR,0.46140863489265965,Bicalutamide
ARAF,-0.9789390822002783,RAF_9304
ARFGAP1,-0.1448652015951341,QS11
ATM,-2.1925351531976647,KU-55933
ATM,-1.4728453257941978,KU-55933
ATM,-1.1096492567213598,KU-55933
ATM,-0.70447175683814,KU-60019
ATM,-0.05791638733374619,CP466722
ATM,0.11935237874539298,KU-55933
ATR,-1.957150270934353,AZD6738
ATR,-1.3040720933392655,VE821
ATR,-1.2249127923085397,VE-822
ATR,-1.1758021605043698,AZD6738
ATR,-1.1332265371661812,VE-822
ATR,-1.074210591002283,VE821
ATR,-0.9791243707310269,AZ20
ATR,-0.9256887047213597,VE-822
ATR,-0.7193594559491497,AZD6738
ATR,-0.42710784652500416,AZD6738
AURKA,-2.250359275117161,Alisertib
AURKA,-2.0141904985571832,CD532
AURKA,-1.7780606662928375,Alisertib
AURKA,-1.542229856310898,Alisertib
AURKA,-1.526613146891131,Tozasertib
AURKA,-1.3300211536533713,ZM447439
AURKA,-1.2409058408018496,ZM447439
AURKA,-1.0492918427697586,ZM447439
AURKA,-0.9383829980666787,ZM447439
AURKA,-0.2524884331545941,GSK1070916
AURKA,0.07829864234077613,Genentech Cpd 10
AXL,-0.8230930579379692,Cabozantinib
Alkylating agent,-1.1653927889702262,Cyclophosphamide
Alkylating agent,-0.7279343892171118,Cyclophosphamide
Alkylating agent,-0.5634866701828259,Cyclophosphamide
Amyloid beta20,-1.4145810509055456,Avagacestat
Amyloid beta20,-1.0896600772658045,Avagacestat
Amyloid beta20,-1.0292699825251994,Avagacestat
Amyloid beta20,0.10778942697164812,Avagacestat
Amyloid beta20,0.1288912020649147,Avagacestat
Anthracycline,-1.9279632255314891,Epirubicin
Anthracycline,-1.1781008527096175,Epirubicin
Anthracycline,-1.1181118748405037,Epirubicin
Anthracycline,-0.02649448430636765,Doxorubicin
Anthracycline,0.33767187228760315,Doxorubicin
Antimetabolite,-1.8382442894723043,Methotrexate
Antimetabolite,-1.7264195763128194,Methotrexate
Antimetabolite,-1.5870400388989072,Fludarabine
Antimetabolite,-1.437541560221758,Cytarabine
Antimetabolite,-1.2438783524001529,Cytarabine
Antimetabolite,-0.4929028366796846,Cytarabine
Antimetabolite,-0.1314164508374301,Cytarabine
Antimetabolite,0.1363259661896955,Fludarabine
Antimetabolite,0.23585116555740387,Fludarabine
Antimetabolite (DNA & RNA),-2.919621369378859,5-Fluorouracil
Antimetabolite (DNA & RNA),-1.6701501761231476,5-Fluorouracil
Antimetabolite (DNA & RNA),-1.5144440761660514,5-Fluorouracil
Antimetabolite (DNA & RNA),-1.4072867489682253,5-Fluorouracil
Autophagy inducer,0.4577885116001108,STF-62247
BAZ2A,-2.518648339063068,AGK2
BAZ2A,-1.3679986113978109,BDILV000379a
BAZ2A,-1.2549738062327684,AGK2
BAZ2A,-0.988848261794367,AGK2
BAZ2A,-0.8913364193121306,BDILV000379a
BAZ2A,-0.6957277436557899,BDILV000379a
BCL-XL,-0.4670432552456569,WEHI-539
BCL-XL,0.6509204594628712,WEHI-539
BCL-XL,0.6640816108458927,WEHI-539
BCL2,-2.124707919874282,Sabutoclax
BCL2,-1.836436767681721,Sabutoclax
BCL2,-1.763564956731506,Obatoclax Mesylate
BCL2,-1.5704354781650212,Obatoclax Mesylate
BCL2,-1.4263509607113354,Obatoclax Mesylate
BCL2,-1.3042807637322142,TW 37
BCL2,-1.0985103771429812,TW 37
BCL2,-1.0684339243720633,Sabutoclax
BCL2,-0.6947839024266901,Venetoclax
BCL2,-0.5979015753329476,Obatoclax Mesylate
BCL2,-0.5077088092454776,TW 37
BCL2,-0.4423448982292986,Venetoclax
BCL2,-0.18083939118921616,ABT737
BCL2,0.00935179333035051,Navitoclax
BCL2,0.18568309740384853,ABT737
BCL2,0.20091687609794373,Venetoclax
BCL2,0.3083669645915872,Navitoclax
BCL2,0.3242076033246732,Navitoclax
BCL2,0.5831960595477581,ABT737
BCL2,0.9870221024413565,Navitoclax
BCR-ABL,0.33880602387258213,GNF-2
BIRC5,-0.8329881191723993,Sepantronium bromide
BIRC5,-0.7579579009517866,Sepantronium bromide
BIRC5,-0.09122921456829708,Sepantronium bromide
BIRC5,0.17932597223703908,Sepantronium bromide
BMX,-0.07036923728544847,WZ-1-84
BRAF,-1.5413959346137085,SB590885
BRAF,-1.378838676258613,PLX-4720
BRAF,-1.3546956296953334,AZ628
BRAF,-1.0631367705460968,HG6-64-1
BRAF,-0.9967266672467474,PLX-4720
BRAF,-0.8329835504130455,PLX-4720
BRAF,-0.6237017981405252,Dabrafenib
BRAF,-0.6050068240913954,PLX-4720
BRAF,-0.35757756747469605,SB590885
BRAF,-0.16595207157334804,SB590885
BRAF,0.01158634213340915,Dabrafenib
BRAF,0.02998230610892759,PLX-4720
BRAF,0.6495945279584803,Dabrafenib
BRAF,0.7070870582508553,SB590885
BRD2,-2.5434721969515404,I-BET-762
BRD2,-2.4888958559144374,I-BET-762
BRD2,-2.3705654569664687,JQ1
BRD2,-2.326178520452572,OTX015
BRD2,-2.153290711560282,OTX015
BRD2,-2.141598324821457,OTX015
BRD2,-2.054562111387736,JQ1
BRD2,-2.0124735242847933,I-BET-762
BRD2,-1.4457208925651197,JQ1
BRD2,-1.1075085981525383,JQ1
BRD2,-0.9600897352038323,I-BET-151
BRD2,-0.375095147544618,I-BET-762
BRD2,0.36509731718401417,JQ1
BRD4,-2.7248667122433083,AZD5153
BRD4,-2.556550470115176,AZD5153
BRD4,-2.3278635364150815,PFI-1
BRD4,-2.251019851207292,AZD5153
BRD4,-2.119298443373077,PFI-1
BRD4,-2.1108334047307227,RVX-208
BRD4,-1.8842364215038772,RVX-208
BRD4,-1.8685899733779097,RVX-208
BRD4,-1.51815834399286,PFI-1
BRD4,-1.1376815044162047,PFI-1
BRD9,-2.217710515468277,I-BRD9
BRD9,-1.7688148395419123,I-BRD9
BRD9,-1.4333875950132713,I-BRD9
BRPF1,-1.602498358605516,BDF00022089a
BRPF1,-1.26372215022375,BDOCA000347a
BRPF1,-0.9599016859404736,BDF00022089a
BRPF1,-0.6659434590240628,BDF00022089a
BRPF1,-0.12077087591101704,BDOCA000347a
BRPF1,-0.00687341742552625,BDOCA000347a
BRPF1B,-1.3429651907138538,OF-1
BRPF1B,-1.0198103523722597,OF-1
BRPF1B,-0.592487747013374,OF-1
BTK,-2.248376850648637,LFM-A13
BTK,-0.5938325521268034,Ibrutinib
BTK,-0.5657128997098688,Ibrutinib
BTK,0.15760684955799392,Ibrutinib
BTK,0.4127726607725562,QL-XII-47
BTK,0.6260151930202003,QL-X-138
Biguanide agent,0.17477750359586597,Phenformin
Broad spectrum kinase inhibitor,-1.184954445207643,Staurosporine
Broad spectrum kinase inhibitor,-1.1119478374237488,Staurosporine
Broad spectrum kinase inhibitor,-0.44265754949340547,Staurosporine
CAMK2,-0.598586234384147,XMD15-27
CDC7,-1.5905255422820987,KIN001-260
CDC7,-0.8820985083739352,CRT0160829
CDC7,0.33014503366158093,KIN001-266
CDK1,-1.631408918692673,RO-3306
CDK1,-1.607303307514088,RO-3306
CDK1,-1.4718597486435614,RO-3306
CDK1,-1.3801763061196075,Dinaciclib
CDK1,-1.1892255698479373,RO-3306
CDK1,-1.185893938959256,Dinaciclib
CDK1,-1.179916587938723,CGP-60474
CDK1,-0.7588248369438086,Dinaciclib
CDK1,-0.3324768365065015,AT-7519
CDK2,-1.7020092745431032,AZD5438
CDK2,-1.597936721251484,AZD5438
CDK2,-1.5321296979170538,AZD5438
CDK2,-1.179916587938723,CGP-60474
CDK2,-1.1716001068801152,AZD5438
CDK2,-1.1190190807523617,Seliciclib
CDK2,0.7328530016193915,PHA-793887
CDK4,-3.029329789810799,Palbociclib
CDK4,-2.342903176414981,Palbociclib
CDK4,-2.1954632576674733,Ribociclib
CDK4,-2.1242427620919355,Ribociclib
CDK4,-1.6437704331244545,Ribociclib
CDK4,-1.3820727301490685,Palbociclib
CDK4,-0.5495203786516113,CGP-082996
CDK4,-0.2523497652296165,Palbociclib
CDK5,-1.179916587938723,CGP-60474
CDK7,-1.179916587938723,CGP-60474
CDK7,0.722710242233413,THZ-2-102-1
CDK9,-1.9874161324152408,CDK9_5576
CDK9,-1.7094180690813583,CDK9_5038
CDK9,-1.45968492832668,KIN001-270
CDK9,-1.3869816921575011,CDK9_5576
CDK9,-1.2769737163202803,CDK9_5576
CDK9,-1.194057455325634,CDK9_5038
CDK9,-1.179916587938723,CGP-60474
CDK9,-0.8679237421890814,CDK9_5038
CDK9,1.2531960781376696,THZ-2-49
CECR2,-2.182111842283181,Bromosporine
CECR2,-2.1329866081747566,Bromosporine
CECR2,-2.0733536797428838,Bromosporine
CHEK1,-1.7943864390654602,MK-8776
CHEK1,-1.7358933870906783,AZD7762
CHEK1,-1.7077197134195734,MK-8776
CHEK1,-1.452233192552853,MK-8776
CHEK1,-1.3739552152928265,AZD7762
CHEK1,-1.3332169434682797,AZD7762
CHEK1,-0.8953204956130341,AZD7762
CHEK1,-0.585785311509546,AZD7762
CHEK1,0.11785362220206325,FS106
CP11A,-1.734439977865325,Dacarbazine
CP11A,-0.7636079068278367,Dacarbazine
CP11A,-0.60375752372236,Dacarbazine
CRBN,-1.828236191438078,Lenalidomide
CRBN,-1.3786421773406847,Lenalidomide
CRBN,-1.37337175469086,Lenalidomide
CRBN,-0.3970289205971668,Lenalidomide
CSF1R,0.2645372371227783,GW-2580
CSF1R,0.9745467055397407,Pazopanib
DDR1,0.26008832775156404,QL-XI-92
DNA alkylating agent,-2.6892128446899566,Temozolomide
DNA alkylating agent,-2.219234364663976,Temozolomide
DNA alkylating agent,-2.208258117131831,Temozolomide
DNA alkylating agent,-2.0023353175314647,Oxaliplatin
DNA alkylating agent,-1.785091188712149,Oxaliplatin
DNA alkylating agent,-1.649049501618346,Oxaliplatin
DNA alkylating agent,-1.4937844597822745,Oxaliplatin
DNA alkylating agent,-1.1670771728411256,Temozolomide
DNA alkylating agent,-1.1201224536165486,Oxaliplatin
DNA alkylating agent,-1.0050626436281256,Oxaliplatin
DNA crosslinker,-1.9960297588989728,Cisplatin
DNA crosslinker,-0.9508451232253968,Cisplatin
DNA crosslinker,-0.9256618388677564,Cisplatin
DNA crosslinker,-0.6410589598544942,Cisplatin
DNA crosslinker,-0.4598831544088842,Mitomycin-C
DNA crosslinker,-0.07263334924325845,Cisplatin
DNA damage,2.117634821436249,ZL109
DNA methyltransferases,-1.593629809377618,5-azacytidine
DNA methyltransferases,-1.362598933392787,5-azacytidine
DNA methyltransferases,-0.5246299775441843,5-azacytidine
DNAPK,-1.3549644321898051,NU7441
DNAPK,-1.2203680880523626,NU7441
DNAPK,1.016402633215994,NU7441
DNAPK,1.1035016220290874,NU7441
DOT1L,-1.5015217021262088,EPZ5676
DOT1L,-1.0636261584212003,EPZ004777
DOT1L,-1.0537364321917158,EPZ5676
DOT1L,-0.9491326153779472,SGC0946
DOT1L,-0.6901690702110119,SGC0946
DOT1L,-0.6352112577211143,EPZ004777
DOT1L,-0.4129656369841499,SGC0946
DOT1L,-0.3974790694410612,EPZ5676
DOT1L,-0.34040033457905355,EPZ004777
DOT1L,0.4770933442693556,SGC0946
DYRK1A,-1.4114428697010706,GSK626616AC
DYRK1A,-1.3612990387593753,GSK626616AC
DYRK1A,-0.8819164108982822,GSK626616AC
DYRK1B,1.911809766826828,Dyrk1b_0191
Dihydrofolate reductase (DHFR),-0.5906941901835621,Pyrimethamine
EG5,-0.663970471596462,AZD4877
EGFR,-1.8537238720957945,AST-1306
EGFR,-1.6657465989428253,Erlotinib
EGFR,-1.135856683313041,PF-00299804
EGFR,-0.9703607001631904,Osimertinib
EGFR,-0.9236778348069976,CI-1033
EGFR,-0.8722115901310874,Lapatinib
EGFR,-0.79588936114753,Gefitinib
EGFR,-0.7849486560971086,Lapatinib
EGFR,-0.7712358413140603,Lapatinib
EGFR,-0.7607477196338147,Gefitinib
EGFR,-0.7354555784129949,Afatinib
EGFR,-0.6265182313666183,Afatinib
EGFR,-0.5223089287328634,AZD3759
EGFR,-0.45471746734633767,Afatinib
EGFR,-0.4458704232558845,Lapatinib
EGFR,-0.44185317097396176,AZD3759
EGFR,-0.38148699952857373,Osimertinib
EGFR,-0.38122281054966056,Erlotinib
EGFR,-0.2800832044910131,Sapitinib
EGFR,-0.1963627927895384,Sapitinib
EGFR,-0.17003157015392206,Gefitinib
EGFR,-0.1361311344564981,AZD8931
EGFR,-0.05841097563260532,Osimertinib
EGFR,0.0200464790382878,Erlotinib
EGFR,0.03990791801647967,Gefitinib
EGFR,0.09083165496059578,Erlotinib
EGFR,0.1640305714574201,Sapitinib
EGFR,0.22867737558944087,AZD3759
EGFR,0.26374684172444046,Pelitinib
EGFR,0.4324067651711112,Afatinib
EGFR,0.499789981854044,Afatinib
EGFR,0.7260044204453906,Cetuximab
EGLN1,0.16642345061421124,IOX2
EHMT1,-1.542808954730742,A-366
EHMT1,-1.1505479746941396,A-366
EHMT1,-1.0434831224398622,A-366
EIF2A,-0.8725110093019172,Salubrinal
EP300,-2.42895769296224,CPI-637
EP300,-2.006759713120457,CPI-637
EP300,-1.8114261201828423,SGC-CBP30
EP300,-1.766066405215293,SGC-CBP30
EP300,-1.621286393532267,CPI-637
EP300,-0.9359112816386755,SGC-CBP30
EP300,0.24472561568225787,I-CBP112
EPHB4,-0.03917553136416222,NVP-BHG712
EPHB4,0.47855255321341433,EphB4_9721
ERBB2,0.39483534597070674,CP724714
ERK1,-2.992461140768952,ERK_6604
ERK1,-2.293633811002344,ERK_2440
ERK1,-2.232578430340768,Ulixertinib
ERK1,-2.188987509802508,SCH772984
ERK1,-2.0930467807356004,Ulixertinib
ERK1,-1.929004726145192,Ulixertinib
ERK1,-1.585191285456346,Ulixertinib
ERK1,-1.296609554062786,Ulixertinib
ERK1,-1.044301512976224,ERK_2440
ERK1,-0.9862658285487872,ERK_6604
ERK1,-0.9650603534808218,Ulixertinib
ERK1,-0.7841397432733668,ERK_2440
ERK1,-0.45167344940812976,ERK_6604
ERK1,-0.2730034358073309,SCH772984
ERK1,-0.2174594148965341,SCH772984
ERK1,0.6604067654470405,FR-180204
ERK2,-3.383816137239463,VX-11e
ERK2,-2.992461140768952,ERK_6604
ERK2,-2.293633811002344,ERK_2440
ERK2,-1.3314035543115028,VX-11e
ERK2,-1.1468013362070104,VX-11e
ERK2,-1.044301512976224,ERK_2440
ERK2,-0.9862658285487872,ERK_6604
ERK2,-0.7841397432733668,ERK_2440
ERK2,-0.7130747760217245,VX-11e
ERK2,-0.45167344940812976,ERK_6604
ERK5,-0.9573830538528336,XMD8-85
ESR,-3.124483029761069,Fulvestrant
ESR,-1.7812908862067824,Fulvestrant
ESR,-1.653157617525963,Fulvestrant
ESR,-1.367802315365058,Fulvestrant
ESR,-0.7686114126758199,Fulvestrant
ESR,-0.6252884468049593,Fulvestrant
ESR1,-1.7816432665654616,GDC0810
ESR1,-1.6684972077812346,Tamoxifen
ESR1,-1.376963476153109,Tamoxifen
ESR1,-1.349021992707491,GDC0810
ESR1,-1.3433208113215351,GDC0810
ESR1,-0.2516790189449622,Tamoxifen
ESR1,0.26452257548170444,Tamoxifen
ESR1,0.2905325136067517,Fulvestrant
EZH2,-2.3338645414932,GSK343
EZH2,-2.0678564107909683,GSK343
EZH2,-1.2980932062485782,GSK343
EZH2,-0.9860227393960371,GSK343
EZH2,-0.7248803649958949,GSK343
EZH2,-0.45233095437624177,GSK343
Endothelin-1 receptor (EDNRA),-0.7821408285097534,Zibotentan
FAK,-0.7577151729789859,PF-562271
FAK1,-2.2312882799590392,GSK2256098C
FAK1,-1.256190143960854,GSK2256098C
FAK1,-1.1117350195113638,GSK2256098C
FEN1,-0.7157210338388182,FEN1_3940
FGFR1,-2.077092934063688,PD173074
FGFR1,-1.9634032227987817,PD173074
FGFR1,-1.638713457661136,PD173074
FGFR1,-1.2808109607158753,PD173074
FGFR1,-1.2163248609798605,AZD4547
FGFR1,-1.0583972100689558,AZD4547
FGFR1,-0.38088564590992,AZD4547
FGFR1,-0.1853106779562617,AZD4547
FGFR1,-0.10491408136448288,FGFR_3831
FGFR4,1.1801362214584317,FGFR_0939
FGRF1,-1.8024744790494185,AZD4547
FLT3,-2.2599821370360664,Lestaurtinib
FLT3,-1.8062315727350189,Lestaurtinib
FLT3,-1.49101395718492,Lestaurtinib
FLT3,-1.3976895857353,Lestaurtinib
FLT3,0.3209130756770805,Quizartinib
Farnesyl-transferase (FNTA),-1.8971893356246283,Tipifarnib
Farnesyl-transferase (FNTA),0.18839959904928544,FTI-277
G-quadruplex stabiliser,-1.4411456184891995,Pyridostatin
G-quadruplex stabiliser,-1.42459313186489,Pyridostatin
G-quadruplex stabiliser,-1.2950975293004483,Pyridostatin
G9A,-2.439192101209623,UNC0638
G9A,-1.9087089153010868,UNC0638
G9A,-0.033728950383133,UNC0638
G9A,0.3668899430708398,UNC0642
G9a and GLP methyltransferases,-0.5796481841177896,UNC0638
G9a and GLP methyltransferases,-0.4070499671499092,UNC0638
GADD34,-2.0458968120788943,LMB_AB2
GADD34,-1.6629565831610067,LMB_AB2
GADD34,-1.2406302154170212,LMB_AB2
GLS,-0.954515827881944,BPTES
GSK3,-1.1760097433331476,TWS119
GSK3A,-1.5100399501149029,CHIR-99021
GSK3A,-0.842082810538478,SB216763
GSK3A,-0.06439036563786321,SB216763
GSK3A,0.01225964514909499,SB216763
GSK3A,0.482147053822354,CHIR-99021
GSK3A,0.8515218481984873,SB216763
GSK3B,-3.0235499958343643,KIN001-042
GSK3B,-0.5116857612459471,AZD7969
HDAC,-1.6362151547980812,VNLG/124
HDAC inhibitor Class I,-1.9513357370122335,Vorinostat
HDAC inhibitor Class I,-1.2758778822032464,Vorinostat
HDAC inhibitor Class I,-1.2587962835202628,Vorinostat
HDAC inhibitor Class I,-1.2493693586390475,Vorinostat
HDAC1,-1.6054791863036724,Entinostat
HDAC1,-1.3213801966419558,Romidepsin
HDAC1,-1.2163571303852598,Dacinostat
HDAC1,-1.0040511837645043,Entinostat
HDAC1,-0.8609484461975041,Romidepsin
HDAC1,-0.7750430861496611,Romidepsin
HDAC1,-0.7191411858820259,Entinostat
HDAC1,-0.686778724072389,Entinostat
HDAC1,-0.6550593447576345,Parthenolide
HDAC1,-0.4827120185414111,JQ12
HDAC1,0.6638175911260754,Tubastatin A
HDAC1,0.8905579950091274,Belinostat
HDAC1,1.0273512223033847,CAY10603
HDAC1,1.4306835101372868,AR-42
HDAC1-10,0.8520067219853078,CUDC-101
HDAC11,-1.3449699107562905,BAY-HDAC11_4
HDAC11,-1.202003881261297,BAY-HDAC11_2
HDAC11,-1.1644623418239033,BAY-HDAC11_1
HDAC6,-1.7322485873840223,ACY-1215
HDAC6,0.5595604906371714,KIN001-236
HDAC8,-1.5127889422792045,PCI-34051
HDAC8,-1.1612130651282138,PCI-34051
HDAC8,0.31874125416880533,PCI-34051
HIF-PH,-1.7420107889920171,DMOG
HSF1,-1.049024291744912,CCT245232
HSF1,-0.4119975658085376,CCT245467
HSP90,-1.4881141662582758,Tanespimycin
HSP90,-1.3969360770387649,Luminespib
HSP90,-1.2309421558104363,Luminespib
HSP90,-1.0641813334979724,Luminespib
HSP90,-0.8046933033212433,Tanespimycin
HSP90,-0.7824632116721355,Luminespib
HSP90,0.11699379342261926,CCT-018159
HSP90,0.5157801471307207,Elesclomol
HSP90,0.8063135396468352,SNX-2112
HSP90,1.6518740556983271,Tanespimycin
HSP90,1.7488980882073824,Tanespimycin
IAP,-0.4509566520121807,IAP_5620
IAP,-0.28431678944414973,IAP_5620
IAP,-0.05213445863541101,IAP_5620
IAP,-0.01094419443813592,AZD5582
IAP,0.7356188047416744,IAP_5620
IAP,0.8169296911289892,IAP_7638
IDH1 (R132H),-1.2189081161258268,AGI-5198
IDH1 (R132H),-0.20972629834851853,AGI-5198
IDH1 (R132H),-0.01579452556091341,AGI-5198
IDH2 R140Q mutant,-2.541389885116345,AGI-6780
IDH2 R140Q mutant,-1.703009398114162,AGI-6780
IDH2 R140Q mutant,-1.4015346317451387,AGI-6780
IGF1R,-3.7439451229409553,Linsitinib
IGF1R,-2.932317686137621,Linsitinib
IGF1R,-2.9071268250597733,BMS-754807
IGF1R,-2.492964367496008,BMS-536924
IGF1R,-2.179457919962692,BMS-536924
IGF1R,-1.842764083212338,NVP-ADW742
IGF1R,-1.8071202548111287,GSK1904529A
IGF1R,-1.781457256133419,BMS-754807
IGF1R,-1.6813236827197306,GSK1904529A
IGF1R,-1.3513771189991948,BMS-536924
IGF1R,-1.0754464909891797,BMS-754807
IGF1R,-1.0655882092667244,NVP-ADW742
IGF1R,-1.0406965311531666,Linsitinib
IGF1R,-0.977533785818766,BMS-754807
IGF1R,-0.8852595659279019,Linsitinib
IGF1R,-0.6030228737047558,BMS-536924
IGF1R,-0.6014985129799472,NVP-ADW742
IGF1R,-0.4102904710444056,GSK1904529A
IGF1R,-0.11114255746161644,GSK1904529A
IGF1R,0.02589357659381363,BMS-536924
IGFR1,-2.321833158631624,IGF1R_3801
IGFR1,-1.4085280961481246,IGFR_3801
IGFR1,-0.8885985114733832,IGF1R_3801
IGFR1,-0.38192437469977936,IGF1R_3801
IKK,0.3303274174186856,GSK319347A
IKK-1,-1.9540520696573995,BMS-345541
IKK-1,-1.4215926221840147,BMS-345541
IKK-1,-1.3604622639388233,BMS-345541
IKK1,-0.15404289688418052,BMS-345541
IKK2,-0.10170479350045931,TPCA-1
IKKb,-1.3690401449738825,IMD-0354
IRAK4,-2.1144992904533706,IRAK4_4710
IRAK4,-1.3461686656006009,IRAK4_4710
IRAK4,-1.275291246540167,IRAK4_4710
ITK,-2.3418941337837067,BMS-509744
Induces reactive oxygen species,-0.09330299242606994,Piperlongumine
Inflammatory related,-1.8958951774999473,Picolinici-acid
Inflammatory related,-1.5355100153347154,Picolinici-acid
Inflammatory related,-1.0183242956214016,Picolinici-acid
JAK1,-3.319809575819891,JAK1_8709
JAK1,-3.2908906443531354,Ruxolitinib
JAK1,-2.6317536412350093,GSK2276186C
JAK1,-2.4704557389847106,JAK1_8709
JAK1,-1.7595168747501997,JAK_8517
JAK1,-1.660823011527653,JAK_8517
JAK1,-1.4945909750544837,GSK2276186C
JAK1,-1.3138680019624047,GSK2276186C
JAK1,-1.1915985760752887,Ruxolitinib
JAK1,-1.1004166644876037,AZD1480
JAK1,-1.0549453617701745,JAK_8517
JAK1,-0.9902233014209837,JAK1_8709
JAK1,-0.5196161970035773,Ruxolitinib
JAK1,0.10333358019049932,Ruxolitinib
JAK1,0.6748145059324474,JAK1_3715
JAK2,-1.9587829790157725,AZ960
JAK2,-1.6653009589040677,AZ960
JAK2,-1.4429035911570331,AZ960
JAK2,0.14692940614804878,Fedratinib
JAK3,-0.3317036682428402,JAK3_7406
JAK3,0.7896627393187552,WHI-P97
JMJ histone demethylase,-0.1181403220777656,N24798-49-A1
JMJ histone demethylase,0.0894546171242664,N23918-95-7
JNK,-1.2934430112578623,JNK Inhibitor VIII
JNK,-0.7841206271997739,JNK Inhibitor VIII
JNK,0.01781358017909764,JNK Inhibitor VIII
JNK,0.966904614357292,JNK Inhibitor VIII
JNK1,-1.2145729016141893,CRT0105950
JNK1,-0.30687208575826536,AS601245
JNK2,-0.4412647109387968,JNK-9L
KDM1,-1.1384429668558669,GSK-LSD1
KDM1,-0.8837984132516787,GSK-LSD1
KDM1,-0.6936092696372586,GSK-LSD1
KDM4A,-2.3141875616898604,CT7033-2
KDM4A,-2.092812395824663,CT7033-2
KDM4A,-1.4918158311814165,CT7033-2
KDM6B,0.4986140342512754,GSK-J4
KIF11,-1.4201321171289083,S-Trityl-L-cysteine
KIT,0.1540549212514679,Masitinib
KIT,0.4695253150761643,OSI-930
KIT,0.6281164679785494,Amuvatinib
KRAS (G12C),-1.4995554949038512,KRAS (G12C) Inhibitor-12
KRAS (G12C),-1.4901544817968362,KRAS (G12C) Inhibitor-12
KRAS (G12C),-1.2518497456713171,KRAS (G12C) Inhibitor-12
KS6B1 (p70S6K),0.2458832454693229,FS112
KSP,-0.2824766562242716,Ispinesib Mesylate
KSP11,-1.8210207070698567,Eg5_9814
KSP11,-1.5609284988595409,Eg5_9814
KSP11,-1.5580667793681513,Eg5_9814
L3MBTL3,-2.960351290987887,UNC1215
LCK,0.8701497560857766,JW-7-24-1
LCK,0.9920938562838174,A-770041
LIMK1,0.6277776900635699,LIMK1 inhibitor BMS4
LRRK2,-1.503447569916216,GSK2578215A
LRRK2,-0.40827632785916695,GSK2578215A
LRRK2,-0.1269292612450489,GSK2578215A
LSD1,-2.3386695451902324,GSK-LSD1-2HCl 
LSD1,-1.386746289299556,GSK-LSD1-2HCl 
LSD1,-0.7859793900362954,GSK-LSD1-2HCl 
LXR,-0.3351532128108599,T0901317
MCL1,-2.524602020315659,AZD5991
MCL1,-2.4573351067167524,AZD5991
MCL1,-2.1749077185068133,AZD5991
MCL1,-1.8875811274979435,MIM1
MCL1,-1.7448109902756257,MIM1
MCL1,-1.0055066257285743,UMI-77
MCL1,-0.7749551857087835,UMI-77
MCL1,-0.31362251529574053,MIM1
MCL1,-0.08550715063071875,UMI-77
MCT1,0.6717638291894359,MCT1_6447
MCT4,0.3822185384626845,MCT4_1422
MDM2,-2.6391920172317027,Nutlin-3a (-)
MDM2,-2.242291836611711,Nutlin-3a (-)
MDM2,-1.7359936110891667,Serdemetan
MDM2,-1.5643212424428206,Serdemetan
MDM2,-1.3400064282120092,Serdemetan
MDM2,-1.010608286916875,Serdemetan
MDM2,-0.2461686507708027,Nutlin-3a (-)
MDM2,-0.23289465572416432,Nutlin-3a (-)
MDM4,-0.5180156579271075,NSC-207895
MEK1,-1.950881681529412,Refametinib
MEK1,-1.7813760393075777,Trametinib
MEK1,-1.3417639414696498,Selumetinib
MEK1,-1.0407459926693257,Refametinib
MEK1,-1.0223918168898678,PD0325901
MEK1,-0.9810060779795189,Selumetinib
MEK1,-0.9623590723182803,PD0325901
MEK1,-0.8535936559543194,CI-1040
MEK1,-0.824797189873685,Selumetinib
MEK1,-0.7159434652304596,Refametinib
MEK1,-0.5887831508712085,Selumetinib
MEK1,-0.5275752242741836,Selumetinib
MEK1,-0.2261753389936135,Trametinib
MEK1,-0.2135986772783825,PD0325901
MEK1,-0.1956593139624816,Trametinib
MEK1,-0.02859649625700702,Refametinib
MEK1,-0.00518208198034056,Selumetinib
MEK1,0.19601061883086288,Refametinib
MEK1,0.3714143229434438,Selumetinib
MEK1,0.3900733014840872,PD0325901
MEK1,0.4073726809899937,Trametinib
MEK1,0.4964505509507088,Selumetinib
MEK5,-1.2279257819696208,BIX02189
MET,-1.4842986332884966,Savolitinib
MET,-1.4384353722193877,Foretinib
MET,-1.3490666661028885,Crizotinib
MET,-1.3316481963092324,Crizotinib
MET,-1.188849457423696,Crizotinib
MET,-1.0299038125406377,Crizotinib
MET,-0.9760828103965085,Foretinib
MET,-0.8502578517983244,Foretinib
MET,-0.7747819327819675,Savolitinib
MET,-0.6553267748849233,SU11274
MET,-0.41355889410129376,Savolitinib
MET,-0.12082876401863586,AZD6094
MET,0.22828046433043045,JNJ38877605
MET,0.35487235050931293,PHA-665752
MET,0.6536359672659228,Foretinib
MKNK1,0.06187587966288734,965-D2
MKNK1,0.88595464277845,993-D2
MNK1,0.3398712263190849,ETP-45835
MPS1,-1.1325596260354984,MPS-1-IN-1
MPS1,0.24279290278892127,BAY-MPS1
MRCKB,0.165593623286729,XMD13-2
MRCKB_HUMAN,-1.659955593465117,BDP-00009066
MRCKB_HUMAN,-1.5896721231090962,BDP-00009066
MRCKB_HUMAN,-1.4336521780167706,BDP-00009066
MRE11,-1.7466385566416631,Mirin
MRE11,-1.6694418677104392,Mirin
MRE11,-1.1445572381692888,Mirin
MRE11,-0.5527374637207512,Mirin
MTOR,-4.079986100936196,Temsirolimus
MTOR,-1.7560754896665571,Temsirolimus
MTOR,-1.3000736123011316,JW-7-52-1
MTOR,-1.2661269329519176,Temsirolimus
MTOR,-0.4575687280405464,Temsirolimus
MTORC1,-3.10647896102932,Rapamycin
MTORC1,-2.5462662001765657,Rapamycin
MTORC1,-2.366270249909099,Rapamycin
MTORC1,-1.979683127251176,OSI-027
MTORC1,-1.7521635550991148,AZD8055
MTORC1,-1.6893232483826484,OSI-027
MTORC1,-1.570736458881453,AZD8055
MTORC1,-1.5475327618215775,OSI-027
MTORC1,-1.1715023399953528,Rapamycin
MTORC1,-0.8595671474224197,AZD8055
MTORC1,-0.7275623830306333,AZD8055
MTORC1,0.8768360341862782,OSI-027
Metabolism,-2.5078470904477275,N-acetyl cysteine
Metabolism,-1.76831378197918,N-acetyl cysteine
Metabolism,-0.8460778704100164,alpha-lipoic acid
Metabolism,-0.7295083980485884,alpha-lipoic acid
Metabolism,-0.4305974057088104,alpha-lipoic acid
Metabolism,0.04933827987951577,N-acetyl cysteine
Microtubule destabiliser,-1.5168978858228914,Vinblastine
Microtubule destabiliser,-1.4801989257837798,Vinblastine
Microtubule destabiliser,-1.439015672576576,Vinorelbine
Microtubule destabiliser,-1.2787547347358847,Vinorelbine
Microtubule destabiliser,-1.2461756610913717,Vinblastine
Microtubule destabiliser,-1.2215803150997495,Vinorelbine
Microtubule destabiliser,-1.0199569137663174,Vinblastine
Microtubule destabiliser,-0.9849299255826544,Vinorelbine
Microtubule stabiliser,-1.4893124831303663,Docetaxel
Microtubule stabiliser,-1.4677629380833208,Docetaxel
Microtubule stabiliser,-1.2716924547095794,Paclitaxel
Microtubule stabiliser,-1.0905311001115987,Paclitaxel
Microtubule stabiliser,-1.054683326914729,Docetaxel
Microtubule stabiliser,-1.0296581553769766,Docetaxel
Microtubule stabiliser,-0.9990115876571155,Docetaxel
Microtubule stabiliser,-0.9652474073333571,Docetaxel
Microtubule stabiliser,-0.9151926396470432,Epothilone B
Microtubule stabiliser,-0.8618077408540685,Paclitaxel
Microtubule stabiliser,-0.6224573495884957,Paclitaxel
Microtubule stabiliser,0.1178329535445128,Docetaxel
Mutant RAS,-2.696671525587973,THR-102
Mutant RAS,-2.4760867552962478,THR-101
Mutant RAS,-1.8863996954153368,THR-103
Mutant RAS,-1.504795234552034,THR-101
Mutant RAS,-1.3196336328091611,THR-103
Mutant RAS,-1.0719729203921975,THR-102
Mutant RAS,-0.46354932657098114,THR-103
Mutant RAS,-0.3136652891410362,THR-101
Mutant RAS,-0.24100695738499053,THR-102
N-myristoyltransferase 1/2,-1.7931359831595404,ICL1100013
NAE,-1.55405487158388,Pevonedistat
NAE,-1.375310403689754,Pevonedistat
NAE,-1.2796264744603767,Pevonedistat
NAE,-0.2663855157681019,Pevonedistat
NAMPT,-1.054495924101426,Daporinad
NAMPT,-0.7584378226085534,Daporinad
NAMPT,-0.656415456417777,Daporinad
NIK,-2.9899898688048414,GSK3337463A
NIK,-1.25473791373588,GSK3337463A
NIK,-1.1433645130546055,GSK3337463A
NTRK1,-1.9967942775847607,GW441756
NTRK1,-1.7020827767406117,AZD1332
NTRK1,-0.9866183114539895,GW441756
NTRK1,-0.9316031974846921,AZD1332
NTRK1,-0.8254637035600659,AZD1332
NTRK1,-0.47846646473385135,AZD1332
NTRK1,0.15140180565423508,GW441756
NTRK1,0.45664591990502007,GW441756
NUAK1,-1.9944577387139544,WZ4003
NUAK1,-1.8303439057779889,WZ4003
NUAK1,-1.820434152086484,WZ4003
PAK1,-3.369368156566424,PAK_5339
PAK1,-1.171750479903757,IPA-3
PAK1,-1.1413659521602253,PAK_5339
PAK1,-0.8301192228863814,PAK_5339
PARP1,-2.267841064105898,Rucaparib
PARP1,-2.1616033577861966,Veliparib
PARP1,-1.8350012605314647,Niraparib
PARP1,-1.7341500051239749,Olaparib
PARP1,-1.5457770931801955,Rucaparib
PARP1,-1.393154187789318,Niraparib
PARP1,-1.3897319916700388,Niraparib
PARP1,-1.369214634616,Talazoparib
PARP1,-1.1579349944417845,Veliparib
PARP1,-1.1502406948447357,Veliparib
PARP1,-0.8204177695740481,Talazoparib
PARP1,-0.46775194776769113,Olaparib
PARP1,-0.4590431022585368,Olaparib
PARP1,-0.3330511364360727,PARP_0108
PARP1,-0.2907963443514017,Veliparib
PARP1,-0.1772844817195481,Olaparib
PARP1,-0.1328864822152301,PARP_9482
PARP1,0.10461010105308756,Talazoparib
PARP1,0.11076125148227374,Rucaparib
PARP1,0.21848101103374412,Talazoparib
PARP1,0.6786966264949602,Rucaparib
PARP1,1.197687274579434,Olaparib
PARP1,1.48143889488613,PARP_9495
PB1,0.05231290814639234,PFI-3
PDGFR,-2.149639280686504,Axitinib
PDGFR,-1.348680832153587,Sorafenib
PDGFR,-1.3118854982353767,Sunitinib
PDGFR,-1.2863553231515574,Axitinib
PDGFR,-1.2553386376966715,Axitinib
PDGFR,-1.1060883977685083,Axitinib
PDGFR,-0.8694598313375999,Sorafenib
PDGFR,-0.8638205196081747,Sorafenib
PDGFR,-0.707018763639024,Sorafenib
PDK1,-2.228921139147318,KIN001-244
PDK1 (PDPK1),-0.5444922584392533,OSU-03012
PDK1 (PDPK1),-0.44538226368975287,BX-912
PERK,-1.8765963982701015,GSK2606414
PERK,-0.7773191300472311,GSK2606414
PI3K,-2.4900555964853552,GSK1059615
PI3K,-1.8993582960109967,Pilaralisib
PI3K (beta sparing),-2.2673245488808647,AMG-319
PI3K (beta sparing),-1.982005227784752,Taselisib
PI3K (beta sparing),-1.465589198446294,AMG-319
PI3K (beta sparing),-0.9881929863351632,AMG-319
PI3K (beta sparing),-0.2881765337747688,Taselisib
PI3K (beta sparing),0.5778729200212084,Taselisib
PI3K (class 1),-2.94067877726395,Voxtalisib
PI3K (class 1),-1.8120392890951769,Pictilisib
PI3K (class 1),-1.7062111143184242,Dactolisib
PI3K (class 1),-1.5650160098919017,Dactolisib
PI3K (class 1),-1.343851313278849,Dactolisib
PI3K (class 1),-1.3284059259401308,Pictilisib
PI3K (class 1),-0.7349967416344798,Dactolisib
PI3K (class 1),-0.6730358422192066,Pictilisib
PI3K (class 1),-0.279343261245442,Pictilisib
PI3K (class 1),-0.00045558342728038,Pictilisib
PI3K (class 1),0.05861408212670304,ZSTK474
PI3K (class 1),1.0983653588214235,Omipalisib
PI3Kalpha,-2.287929362342741,Alpelisib
PI3Kalpha,-2.098227693126023,GNE-317
PI3Kalpha,-1.9977552083544192,GNE-317
PI3Kalpha,-1.851205693954536,Buparlisib
PI3Kalpha,-1.6689403818230968,GNE-317
PI3Kalpha,-1.384886001351351,PI3Ka_4409
PI3Kalpha,-1.3818213108587567,Buparlisib
PI3Kalpha,-1.1731771250941534,Buparlisib
PI3Kalpha,-0.879152943697925,Alpelisib
PI3Kalpha,-0.802602532326552,AZD8186
PI3Kalpha,-0.5794039813068139,AZD8835
PI3Kalpha,-0.5518743147240758,Alpelisib
PI3Kalpha,0.01676920945558363,AZD8186
PI3Kalpha,0.42183366057622046,AZD8186
PI3Kalpha,0.48732056806795393,PI-103
PI3Kbeta,-1.0275835007024925,AZD6482
PI3Kbeta,-0.32248062415378925,AZD8186
PI3Kbeta,0.5159926840662802,TGX221
PI3Kdelta,-0.30423509954889416,Idelalisib
PI3Kdelta,0.4051406036142944,IC-87114
PI3Kgamma,-2.74603053513336,CZC24832
PI3Kgamma,-1.6418072229483036,CZC24832
PI3Kgamma,-1.0585936181816311,CZC24832
PI3Kgamma,0.05484674195360809,AS605240
PIK3CB,-0.7858280284919585,AZD6482
PIKFYVE,-0.10304175253853554,YM201636
PIM1,-1.4663963630175425,AZD1208
PIM1,-1.2599198932417008,AZD1208
PIM1,-1.0833607261446871,AZD1208
PIM1,-1.0448985231500774,AZD1208
PK3CG,0.1441378197120033,PIK-93
PKC,-0.6498520859103862,Midostaurin
PKC,-0.03100369644091383,Bryostatin 1
PKCB,-0.16153101975806056,Enzastaurin
PKD,-1.2816815293654933,kb NB 142-70
PLK1,-1.4520989823641128,BI-2536
PLK1,-1.2774873878254926,BI-2536
PLK1,-1.0615322587739158,BI-2536
PLK1,-0.9684954696301885,GW843682X
PLK1,-0.9536351900725598,BI-2536
PLK1,-0.9000578382886116,PLK_6522
PLK3,1.0979240211576753,NPK76-II-72-1
PMRT5,-2.8895929959191533,GSK591
PMRT5,-0.379595197285864,GSK591
PMRT5,-0.23104534797773216,GSK591
PORCN,-2.7281034160481554,IWP-2
PORCN,-2.0473190171289204,Wnt-C59
PORCN,-1.9677817000656597,Wnt-C59
PORCN,-1.3073327536003447,LGK974
PORCN,-1.0937217670506252,IWP-2
PORCN,-0.9882508890624243,LGK974
PORCN,-0.9358606624049256,IWP-2
PORCN,-0.777595558856422,LGK974
PORCN,-0.13967645506137782,Wnt-C59
PPARgamma,0.3740172085617336,FH535
PPM1D,-1.8639793970790344,GSK2830371A
PPM1D,-1.061085399862794,GSK2830371A
PPM1D,-1.052756695064254,GSK2830371A
PPM1D,-0.9883713828974012,CCT007093
PPM1D,-0.86887711644647,CCT007093
PPM1D,-0.798305930926924,CCT007093
PPM1D,-0.7950452916574164,CCT007093
PPP1R15B,-1.993454435167073,LMB_AB3
PPP1R15B,-1.7587877523387716,LMB_AB3
PPP1R15B,-1.4911422505073293,LMB_AB3
Peptidyl arginine deaminase (PAD),0.422637018875206,N22899-6-C1
Polybromo 1,-1.8025565020720569,PFI3
Polybromo 1,-1.677174629694825,PFI3
Polybromo 1,-0.7260177903113246,PFI3
Procaspase-3,-0.6115641167649697,PAC-1
Proteasome,-1.600447009326044,Bortezomib
Proteasome,-1.1455339657258554,MG-132
Proteasome,-0.9916341423976829,MG-132
Proteasome,-0.9858372280612232,MG-132
Proteasome,-0.9608236353884019,MG-132
Proteasome,-0.8461804079639704,Bortezomib
Proteasome,-0.8356258186257257,Bortezomib
Proteasome,-0.7662014028921077,Bortezomib
Pyrimidine antimetabolite,-1.4404205160351005,Gemcitabine
Pyrimidine antimetabolite,-1.1447857103110082,Gemcitabine
Pyrimidine antimetabolite,-1.1379820294098482,Gemcitabine
Pyrimidine antimetabolite,-1.0610080665820896,Gemcitabine
Pyrimidine antimetabolite,0.5006120541537252,Gemcitabine
Pyrimidine synthesis inhibitor,-1.9571807427736627,Leflunomide
Pyrimidine synthesis inhibitor,-1.9341194214731168,Leflunomide
Pyrimidine synthesis inhibitor,-1.0961082669776632,Leflunomide
RAC1,-2.066148079699291,EHT-1864
RAC1,-0.6065254514670273,EHT-1864
RAC1,-0.5333476302308048,EHT-1864
RAC1,0.6220973259422109,EHT-1864
RAR,-1.6362151547980812,VNLG/124
RNA Polymerase 1,-1.3232478689867169,CX-5461
RNA helicase A,-1.8689766367743883,YK-4-279
RNA helicase A,-1.7122580024399887,YK-4-279
RNA helicase A,-1.4021659545736476,YK-4-279
RNA helicase A,-0.7143526066449277,YK-4-279
RNA polymerase,-2.055806515860404,Dactinomycin
RNA polymerase,-1.7810711678400528,Dactinomycin
RNA polymerase,-1.7052276801196655,Dactinomycin
RNA polymerase,-0.9223985770419617,Dactinomycin
RNA polymerase,-0.8188300430379735,Dactinomycin
RNA polymerase,-0.7176802345200171,Dactinomycin
ROCK,-0.682348575167876,Y-39983
ROCK1,-0.6828299167591136,GSK429286A
ROCK1,0.10776183067525996,GSK269962A
ROCK1,0.5666345879855276,GSK269962A
RSK,-0.34826886514175664,FMK
RSK,-0.2721930838277683,SL0101
RSK2,-1.4426986866722311,LJI308
RSK2,-1.21240495764121,LJI308
RSK2,-0.8194868641127054,CMK
RSK2,-0.3571247865811356,LJI308
Retinioic X receptor (RXR) agonist,-1.2951080235128865,Bexarotene
Retinoic acid,-1.101155826929912,Tretinoin
S6K1,0.4611118976261722,PF-4708671
SERCA,-1.5672409308837003,Thapsigargin
SETD8,-1.885663961324608,UNC0379
SETD8,-1.7447068824592278,UNC0379
SETD8,-1.5146526413074966,UNC0379
SGK2,-0.5259894662532094,GSK650394
SHP-1 (PTPN6),0.30288584960832854,NSC-87877
SIR2,-1.8918801686357167,ICL-SIRT078
SIR2,-1.475003699543509,ICL-SIRT078
SIR2,-0.8378700347588429,ICL-SIRT078
SIRT,-0.7502794426720006,Tenovin-6
SIRT1,-0.00368015896516871,Selisistat
SMO,-1.902282666554164,Vismodegib
SMO,-1.292734508622244,Vismodegib
SMO,-1.1408635943983498,Vismodegib
SMO,-0.9854956427640688,Vismodegib
SMO,0.6312910901306907,Cyclopamine
SRC,-1.926917876394031,Bosutinib
SRC,-1.5311725640837728,Bosutinib
SRC,-1.4437355824156706,Bosutinib
SRC,-1.270010765157142,Bosutinib
SRC,0.08697145980353993,WH-4-023
SRC,1.160197477451797,WZ3105
SYK,-1.5847792303639194,Entospletinib
SYK,-1.376516520254581,Entospletinib
SYK,-1.3763955399264598,PRT062607
SYK,-1.3659367753929157,PRT062607
SYK,-1.3037198206253766,PRT062607
SYK,-0.9781384000453444,BAY-61-3606
SYK,-0.365826690880418,Entospletinib
Sphingosine Kinase,-0.08257337206332414,Sphingosine Kinase 1 Inhibitor II
TAF1,-1.7310040181666606,TAF1_5496
TAF1,-0.6864922055886803,TAF1_5496
TAF1,-0.06051354040064552,TAF1_5496
TAK1,-0.23386210544336689,NG-25
TAK1,0.35349782304251315,(5Z)-7-Oxozeaenol
TAK1,1.000166203846113,TL-1-85
TBK1,-0.41310903881174055,BX795
TERT,-1.0199377709720163,BIBR-1532
TERT,-0.7021532134417089,BIBR-1532
TERT,-0.4126625542281154,BIBR-1532
TGFB1,-1.9195998307745863,LY2109761
TGFB1,-0.7850558300117431,LY2109761
TGFB1,-0.6377742752302057,LY2109761
TGFBR1,-0.4234782222344076,SB505124
TNKS1,-1.864764325228008,MN-64
TNKS1,-1.4617604789708365,AZ6102
TNKS1,-1.2596415394543932,MN-64
TNKS1,-1.1166985999168082,MN-64
TNKS1,-1.0324667394842506,WIKI4
TNKS1,-0.7562856062006317,AZ6102
TNKS1,-0.6307783614221214,AZ6102
TNKS1,-0.09582193237343432,XAV939
TNKS1,-0.09129089430335768,XAV939
TNKS1,0.08332303428685169,XAV939
TNKS1,0.18414399893788783,XAV939
TNKS1,0.3189382534143523,WIKI4
TNKS1,0.4337586066607759,WIKI4
TOP1,-1.6756475420086503,Topotecan
TOP1,-1.6593369228009318,Camptothecin
TOP1,-1.5928672467179572,LMP744
TOP1,-1.5707156843091985,Irinotecan
TOP1,-1.4100217555361407,LMP744
TOP1,-1.2728352927690891,SN-38
TOP1,-1.2682768544366652,Topotecan
TOP1,-1.157022611950141,LMP744
TOP1,-1.1072789805113834,Irinotecan
TOP1,-0.9871705923182889,SN-38
TOP1,-0.946481009097128,Camptothecin
TOP1,-0.8923644272290829,Irinotecan
TOP1,-0.8557047131900481,SN-38
TOP1,-0.7106094424769823,Camptothecin
TOP1,-0.6854681092749602,Topotecan
TOP1,-0.5548976472124156,SN-38
TOP1,0.00402958848990671,SN-38
TOP2,-1.4665448050516274,Mitoxantrone
TOP2,-1.1923932771782766,Mitoxantrone
TOP2,-1.129397254505645,Mitoxantrone
TOP2,-0.8120363523560958,Etoposide
TP53,-3.0237157124026712,MIRA-1
TP53,-1.645316977765647,MIRA-1
TP53,-0.4158324094186829,MIRA-1
TP53 activation,-2.1701280376969208,PRIMA-1MET
TP53 activation,-0.9525203329333837,PRIMA-1MET
TP53 activation,-0.8403941796313141,PRIMA-1MET
TRAIL receptor agonist,0.32013243641913686,rTRAIL
TTK,-0.3651836255423538,TTK_3146
TTK and microtubules,0.0817425345251605,BAY-MPS-combo 2 (paclitaxel 1 uM)
TTK and microtubules,0.24616798985390956,BAY-MPS-combo-1 (paclitaxel 5 uM)
Tankyrase 1/2 (PARP5a,0.9417874525942248,TANK_1366
Telomerase,-1.791300396670945,Telomerase Inhibitor IX
Telomerase,-1.3373271093939505,Telomerase Inhibitor IX
Telomerase,-1.1700359038812862,Telomerase Inhibitor IX
ULK1,-3.4666945361793324,ULK1_4989
ULK1,-0.9332619232018451,ULK1_4989
ULK1,-0.8083041297536802,ULK1_4989
USP1,-1.9062616603289149,ML323
USP1,-1.6315661411782176,ML323
USP1,-0.8583021747159949,ML323
USP7,-1.9325773603617813,P22077
USP7,-1.6698498646945386,P22077
USP7,-0.6866284055736369,P22077
VEGFR,-1.3960353857221135,BIBF-1120
VEGFR,-1.171144624392741,Motesanib
VEGFR,-1.133720425086466,Motesanib
VEGFR,-1.0191428920197427,Cediranib
VEGFR,-0.9064575774105795,Motesanib
VEGFR,-0.8230930579379692,Cabozantinib
VEGFR,-0.7137506665333271,Cediranib
VEGFR,-0.42374293684463754,Cediranib
VEGFR,-0.3805379629623407,"Brivanib, BMS-540215"
VEGFR,0.7820597807818115,Motesanib
VEGFR1,-0.03936792420531828,Tivozanib
VEGFR1,0.20698160796088227,Linifanib
VSP34,-3.696984823367504,VSP34_8731
VSP34,-1.513767703157006,VSP34_8731
VSP34,-1.418058604112743,VSP34_8731
WEE1,-1.596243696178521,MK-1775
WEE1,-1.5899307340922435,MK-1775
WEE1,-1.571242779874929,Wee1 Inhibitor
WEE1,-1.3120120719713226,MK-1775
WEE1,-1.2196575568775665,Wee1 Inhibitor
WEE1,-1.046937491139466,Wee1 Inhibitor
WEE1,-0.5179647059524252,Wee1 Inhibitor
WIP1,-1.7639890956074118,GSK2830371
WIP1,-1.6217486298380992,GSK2830371
WIP1,-0.9085218669259091,GSK2830371
XIAP,-1.106850511422805,LCL161
XIAP,-0.34731065808321937,LCL161
XIAP,-0.34107911684129816,AZD5582
XIAP,-0.25452769904467465,AZD5582
XIAP,-0.13494138603201636,AZD5582
XIAP,0.03435209413592465,LCL161
XIAP,0.6718592560870197,Embelin
anti-oxidant proteins,-2.5670803407536606,ascorbate (vitamin C)
anti-oxidant proteins,-2.463339858315426,glutathione
anti-oxidant proteins,-1.4228346181175784,glutathione
anti-oxidant proteins,-0.3178548474467044,ascorbate (vitamin C)
anti-oxidant proteins,-0.27233271390776087,glutathione
anti-oxidant proteins,-0.11714175399219584,ascorbate (vitamin C)
dsDNA break induction,-1.8070421905060108,Bleomycin (50 uM)
dsDNA break induction,-0.8810368078545336,Bleomycin
dsDNA break induction,-0.8441172905390677,Bleomycin (50 uM)
dsDNA break induction,-0.4420210562113941,Bleomycin
dsDNA break induction,-0.04769266634506294,Bleomycin
dsDNA break induction,0.07954029323608659,Bleomycin (50 uM)
dsDNA break induction,0.6414011906213326,Bleomycin
dsDNA break induction,0.8854014248839842,Bleomycin (50 uM)
dsDNA break induction,1.2828615810469073,Bleomycin (10 uM)
eEF2K,-0.794091843881027,"eEF2K Inhibitor, A-484954"
gamma-secretase,-0.9029683704577389,Z-LLNle-CHO
mTOR,-2.371607522071933,Apitolisib
mTOR,-1.9337573204774032,WYE-125132
mTOR,-1.6894022743695802,Torin 2
mTOR,0.8297412869256733,CRT0105446
mTORC1,-1.975096112418813,AZD2014
mTORC1,-1.563457894733414,AZD2014
mTORC1,-1.5530376026201602,AZD2014
mTORC1,-1.5226349934729757,AZD2014
not defined,-1.1590151729841758,Shikonin
not defined,-0.2669626595370137,TL-2-105
p38,-2.389993237368296,VX-702
p38,-0.6137781814130634,Doramapimod
p38,-0.5238794429176395,Doramapimod
p38,-0.23675839298951035,Doramapimod
p38,-0.14167927223631407,Doramapimod
p38alpha,-1.3888689552003226,TAK-715
